tile_filename,source_product,center_lat,center_lon,std_dev,prox_score,priority_score,rating,rating_label
ch2_ohr_ncp_20250612T2229094979_d_img_d18_x11520_y79360.png,ch2_ohr_ncp_20250612T2229094979_d_img_d18,60.205119,355.481232,117.581,0.0,0.4,0,No target feature
ch2_ohr_ncp_20250612T2031048828_d_img_d18_x11520_y79360.png,ch2_ohr_ncp_20250612T2031048828_d_img_d18,60.180373,355.460889,115.075,0.0,0.3872,0,No target feature
ch2_ohr_ncp_20250612T2229094979_d_img_d18_x09600_y79360.png,ch2_ohr_ncp_20250612T2229094979_d_img_d18,60.206011,355.442935,112.131,0.0,0.3722,0,No target feature
ch2_ohr_ncp_20250612T2229094979_d_img_d18_x08320_y79360.png,ch2_ohr_ncp_20250612T2229094979_d_img_d18,60.206601,355.417413,111.295,0.0,0.3679,0,No target feature
ch2_ohr_ncp_20250612T2229094979_d_img_d18_x07680_y79360.png,ch2_ohr_ncp_20250612T2229094979_d_img_d18,60.206895,355.404654,111.189,0.0,0.3673,0,No target feature
ch2_ohr_ncp_20250612T2229094979_d_img_d18_x08960_y79360.png,ch2_ohr_ncp_20250612T2229094979_d_img_d18,60.206307,355.430173,111.186,0.0,0.3673,0,No target feature
ch2_ohr_ncp_20250612T2229094979_d_img_d18_x10240_y79360.png,ch2_ohr_ncp_20250612T2229094979_d_img_d18,60.205715,355.455699,111.11,0.0,0.3669,0,No target feature
ch2_ohr_ncp_20250612T2229094979_d_img_d18_x07040_y79360.png,ch2_ohr_ncp_20250612T2229094979_d_img_d18,60.207187,355.391898,110.858,0.0,0.3657,0,No target feature
ch2_ohr_ncp_20250612T2229094979_d_img_d18_x10880_y79360.png,ch2_ohr_ncp_20250612T2229094979_d_img_d18,60.205417,355.468464,110.689,0.0,0.3648,0,No target feature
ch2_ohr_ncp_20250612T2229094979_d_img_d18_x05120_y79360.png,ch2_ohr_ncp_20250612T2229094979_d_img_d18,60.208058,355.353638,110.675,0.0,0.3647,0,No target feature
ch2_ohr_ncp_20250612T2229094979_d_img_d18_x01280_y79360.png,ch2_ohr_ncp_20250612T2229094979_d_img_d18,60.209773,355.277165,110.328,0.0,0.363,0,No target feature
ch2_ohr_ncp_20250612T2229094979_d_img_d18_x01920_y79360.png,ch2_ohr_ncp_20250612T2229094979_d_img_d18,60.209489,355.289906,109.817,0.0,0.3603,0,No target feature
ch2_ohr_ncp_20250612T2229094979_d_img_d18_x03200_y79360.png,ch2_ohr_ncp_20250612T2229094979_d_img_d18,60.20892,355.315394,109.147,0.0,0.3569,0,No target feature
ch2_ohr_ncp_20250612T2229094979_d_img_d18_x00000_y79360.png,ch2_ohr_ncp_20250612T2229094979_d_img_d18,60.210336,355.251687,108.893,0.0,0.3556,0,No target feature
ch2_ohr_ncp_20250612T2229094979_d_img_d18_x02560_y79360.png,ch2_ohr_ncp_20250612T2229094979_d_img_d18,60.209205,355.302649,108.36,0.0,0.3529,0,No target feature
ch2_ohr_ncp_20250612T2229094979_d_img_d18_x04480_y79360.png,ch2_ohr_ncp_20250612T2229094979_d_img_d18,60.208346,355.340888,108.129,0.0,0.3517,0,No target feature
ch2_ohr_ncp_20250516T1342347288_d_img_d18_x11520_y89600.png,ch2_ohr_ncp_20250516T1342347288_d_img_d18,60.016938,355.523271,107.645,0.0,0.3492,0,No target feature
ch2_ohr_ncp_20250612T2031048828_d_img_d18_x00000_y79360.png,ch2_ohr_ncp_20250612T2031048828_d_img_d18,60.180986,355.229954,107.047,0.0,0.3462,0,No target feature
ch2_ohr_ncp_20250612T2031048828_d_img_d18_x04480_y79360.png,ch2_ohr_ncp_20250612T2031048828_d_img_d18,60.180804,355.31997,106.929,0.0,0.3456,0,No target feature
ch2_ohr_ncp_20250612T2031048828_d_img_d18_x07040_y79360.png,ch2_ohr_ncp_20250612T2031048828_d_img_d18,60.180668,355.371288,106.851,0.0,0.3452,0,No target feature
ch2_ohr_ncp_20250612T2229094979_d_img_d18_x00640_y79360.png,ch2_ohr_ncp_20250612T2229094979_d_img_d18,60.210055,355.264425,106.693,0.0,0.3444,0,No target feature
ch2_ohr_ncp_20250612T2031048828_d_img_d18_x03840_y79360.png,ch2_ohr_ncp_20250612T2031048828_d_img_d18,60.180835,355.307127,106.381,0.0,0.3428,0,No target feature
ch2_ohr_ncp_20250516T1145499313_d_img_d18_x11520_y89600.png,ch2_ohr_ncp_20250516T1145499313_d_img_d18,60.033349,355.562225,106.032,0.0,0.341,0,No target feature
ch2_ohr_ncp_20250612T2031048828_d_img_d18_x00640_y79360.png,ch2_ohr_ncp_20250612T2031048828_d_img_d18,60.180965,355.24283,105.949,0.0,0.3406,0,No target feature
ch2_ohr_ncp_20250612T2031048828_d_img_d18_x10240_y79360.png,ch2_ohr_ncp_20250612T2031048828_d_img_d18,60.180465,355.435315,105.752,0.0,0.3396,0,No target feature
ch2_ohr_ncp_20250612T2031048828_d_img_d18_x03200_y79360.png,ch2_ohr_ncp_20250612T2031048828_d_img_d18,60.180864,355.294278,105.631,0.0,0.339,0,No target feature
ch2_ohr_ncp_20250612T2229094979_d_img_d18_x05760_y79360.png,ch2_ohr_ncp_20250612T2229094979_d_img_d18,60.207769,355.36639,105.442,0.0,0.338,0,No target feature
ch2_ohr_ncp_20250612T2031048828_d_img_d18_x06400_y79360.png,ch2_ohr_ncp_20250612T2031048828_d_img_d18,60.180704,355.358467,105.372,0.0,0.3376,0,No target feature
ch2_ohr_ncp_20250612T2031048828_d_img_d18_x02560_y79360.png,ch2_ohr_ncp_20250612T2031048828_d_img_d18,60.180891,355.281425,105.225,0.0,0.3369,0,No target feature
ch2_ohr_ncp_20250516T0948068899_d_img_d18_x11520_y89600.png,ch2_ohr_ncp_20250516T0948068899_d_img_d18,60.048562,355.558255,105.113,0.0,0.3363,0,No target feature
ch2_ohr_ncp_20250612T2031048828_d_img_d18_x10880_y79360.png,ch2_ohr_ncp_20250612T2031048828_d_img_d18,60.18042,355.448105,104.858,0.0,0.335,0,No target feature
ch2_ohr_ncp_20250612T2229094979_d_img_d18_x06400_y79360.png,ch2_ohr_ncp_20250612T2229094979_d_img_d18,60.207479,355.379143,104.274,0.0,0.332,0,No target feature
ch2_ohr_ncp_20250612T2229094979_d_img_d18_x03840_y79360.png,ch2_ohr_ncp_20250612T2229094979_d_img_d18,60.208634,355.32814,103.293,0.0,0.327,0,No target feature
ch2_ohr_ncp_20250612T2031048828_d_img_d18_x05760_y79360.png,ch2_ohr_ncp_20250612T2031048828_d_img_d18,60.180739,355.34564,102.985,0.0,0.3254,0,No target feature
ch2_ohr_ncp_20250612T2031048828_d_img_d18_x08320_y79360.png,ch2_ohr_ncp_20250612T2031048828_d_img_d18,60.180591,355.396915,102.882,0.0,0.3249,0,No target feature
ch2_ohr_ncp_20250612T2031048828_d_img_d18_x08960_y79360.png,ch2_ohr_ncp_20250612T2031048828_d_img_d18,60.18055,355.40972,102.52,0.0,0.3231,0,No target feature
ch2_ohr_ncp_20250516T1540191774_d_img_d18_x11520_y89600.png,ch2_ohr_ncp_20250516T1540191774_d_img_d18,60.050862,355.544919,101.493,0.0,0.3178,0,No target feature
ch2_ohr_ncp_20190906T2241285714_d_img_gds_x08960_y10240.png,ch2_ohr_ncp_20190906T2241285714_d_img_gds,-70.64538,22.804891,101.249,0.0,0.3166,0,No target feature
ch2_ohr_ncp_20250612T2031048828_d_img_d18_x05120_y79360.png,ch2_ohr_ncp_20250612T2031048828_d_img_d18,60.180772,355.332808,100.929,0.0,0.3149,0,No target feature
ch2_ohr_ncp_20250612T2229094979_d_img_d18_x11520_y78720.png,ch2_ohr_ncp_20250612T2229094979_d_img_d18,60.211716,355.482067,100.67,0.0,0.3136,0,No target feature
ch2_ohr_ncp_20250612T2229094979_d_img_d18_x11520_y76160.png,ch2_ohr_ncp_20250612T2229094979_d_img_d18,60.23811,355.485387,100.367,0.0,0.3121,0,No target feature
ch2_ohr_ncp_20250612T2229094979_d_img_d18_x11520_y67200.png,ch2_ohr_ncp_20250612T2229094979_d_img_d18,60.330479,355.497107,100.175,0.0,0.3111,0,No target feature
ch2_ohr_ncp_20250612T2229094979_d_img_d18_x11520_y63360.png,ch2_ohr_ncp_20250612T2229094979_d_img_d18,60.370068,355.502141,99.676,0.0,0.3085,0,No target feature
ch2_ohr_ncp_20250612T2229094979_d_img_d18_x11520_y76800.png,ch2_ohr_ncp_20250612T2229094979_d_img_d18,60.23151,355.48456,99.588,0.0,0.3081,0,No target feature
ch2_ohr_ncp_20250612T2229094979_d_img_d18_x11520_y39040.png,ch2_ohr_ncp_20250612T2229094979_d_img_d18,60.62081,355.534581,99.575,0.0,0.308,0,No target feature
ch2_ohr_ncp_20250612T2229094979_d_img_d18_x11520_y30080.png,ch2_ohr_ncp_20250612T2229094979_d_img_d18,60.713192,355.546707,99.51,0.0,0.3077,0,No target feature
ch2_ohr_ncp_20250612T2229094979_d_img_d18_x11520_y00640.png,ch2_ohr_ncp_20250612T2229094979_d_img_d18,61.016685,355.587284,99.415,0.0,0.3072,0,No target feature
ch2_ohr_ncp_20250612T2229094979_d_img_d18_x11520_y28800.png,ch2_ohr_ncp_20250612T2229094979_d_img_d18,60.726393,355.548445,99.408,0.0,0.3072,0,No target feature
ch2_ohr_ncp_20250612T2229094979_d_img_d18_x11520_y59520.png,ch2_ohr_ncp_20250612T2229094979_d_img_d18,60.409658,355.50722,99.369,0.0,0.307,0,No target feature
ch2_ohr_ncp_20250612T2229094979_d_img_d18_x11520_y02560.png,ch2_ohr_ncp_20250612T2229094979_d_img_d18,60.996901,355.584599,99.236,0.0,0.3063,0,No target feature
ch2_ohr_ncp_20250612T2229094979_d_img_d18_x11520_y54400.png,ch2_ohr_ncp_20250612T2229094979_d_img_d18,60.462449,355.513983,99.231,0.0,0.3063,0,No target feature
ch2_ohr_ncp_20250612T2229094979_d_img_d18_x11520_y05760.png,ch2_ohr_ncp_20250612T2229094979_d_img_d18,60.963911,355.580137,99.222,0.0,0.3062,0,No target feature
ch2_ohr_ncp_20250612T2229094979_d_img_d18_x11520_y36480.png,ch2_ohr_ncp_20250612T2229094979_d_img_d18,60.64721,355.538047,99.124,0.0,0.3057,0,No target feature
ch2_ohr_ncp_20250612T2229094979_d_img_d18_x11520_y01280.png,ch2_ohr_ncp_20250612T2229094979_d_img_d18,61.010088,355.586385,99.103,0.0,0.3056,0,No target feature
ch2_ohr_ncp_20250612T2229094979_d_img_d18_x11520_y30720.png,ch2_ohr_ncp_20250612T2229094979_d_img_d18,60.706598,355.545843,99.027,0.0,0.3052,0,No target feature
ch2_ohr_ncp_20250612T2229094979_d_img_d18_x11520_y01920.png,ch2_ohr_ncp_20250612T2229094979_d_img_d18,61.003497,355.585499,98.973,0.0,0.3049,0,No target feature
ch2_ohr_ncp_20250612T2229094979_d_img_d18_x11520_y10880.png,ch2_ohr_ncp_20250612T2229094979_d_img_d18,60.911124,355.573034,98.937,0.0,0.3048,0,No target feature
ch2_ohr_ncp_20250612T2229094979_d_img_d18_x11520_y42880.png,ch2_ohr_ncp_20250612T2229094979_d_img_d18,60.58122,355.529387,98.919,0.0,0.3047,0,No target feature
ch2_ohr_ncp_20250612T2031048828_d_img_d18_x11520_y74240.png,ch2_ohr_ncp_20250612T2031048828_d_img_d18,60.233337,355.465831,98.753,0.0,0.3038,0,No target feature
ch2_ohr_ncp_20250612T2229094979_d_img_d18_x11520_y38400.png,ch2_ohr_ncp_20250612T2229094979_d_img_d18,60.627416,355.535461,98.711,0.0,0.3036,0,No target feature
ch2_ohr_ncp_20250612T2031048828_d_img_d18_x07680_y79360.png,ch2_ohr_ncp_20250612T2031048828_d_img_d18,60.18063,355.384104,98.659,0.0,0.3033,0,No target feature
ch2_ohr_ncp_20250612T2229094979_d_img_d18_x11520_y74880.png,ch2_ohr_ncp_20250612T2229094979_d_img_d18,60.251304,355.487052,98.638,0.0,0.3032,0,No target feature
ch2_ohr_ncp_20250612T2229094979_d_img_d18_x11520_y40960.png,ch2_ohr_ncp_20250612T2229094979_d_img_d18,60.601026,355.531982,98.539,0.0,0.3027,0,No target feature
ch2_ohr_ncp_20250612T2031048828_d_img_d18_x11520_y68480.png,ch2_ohr_ncp_20250612T2031048828_d_img_d18,60.292923,355.471412,98.495,0.0,0.3025,0,No target feature
ch2_ohr_ncp_20250612T2229094979_d_img_d18_x11520_y50560.png,ch2_ohr_ncp_20250612T2229094979_d_img_d18,60.502046,355.519105,98.486,0.0,0.3025,0,No target feature
ch2_ohr_ncp_20250612T2229094979_d_img_d18_x11520_y77440.png,ch2_ohr_ncp_20250612T2229094979_d_img_d18,60.224908,355.483729,98.473,0.0,0.3024,0,No target feature
ch2_ohr_ncp_20250612T2031048828_d_img_d18_x11520_y52480.png,ch2_ohr_ncp_20250612T2031048828_d_img_d18,60.458431,355.486983,98.399,0.0,0.302,0,No target feature
ch2_ohr_ncp_20250612T2229094979_d_img_d18_x11520_y35840.png,ch2_ohr_ncp_20250612T2229094979_d_img_d18,60.653806,355.538913,98.389,0.0,0.302,0,No target feature
ch2_ohr_ncp_20250612T2229094979_d_img_d18_x11520_y64000.png,ch2_ohr_ncp_20250612T2229094979_d_img_d18,60.363467,355.501311,98.403,0.0,0.302,0,No target feature
ch2_ohr_ncp_20250612T2031048828_d_img_d18_x11520_y64000.png,ch2_ohr_ncp_20250612T2031048828_d_img_d18,60.339269,355.475749,98.376,0.0,0.3019,0,No target feature
ch2_ohr_ncp_20250612T2229094979_d_img_d18_x11520_y07680.png,ch2_ohr_ncp_20250612T2229094979_d_img_d18,60.944113,355.57747,98.37,0.0,0.3019,0,No target feature
ch2_ohr_ncp_20250612T2031048828_d_img_d18_x11520_y53760.png,ch2_ohr_ncp_20250612T2031048828_d_img_d18,60.445185,355.485722,98.311,0.0,0.3016,0,No target feature
ch2_ohr_ncp_20250612T2229094979_d_img_d18_x11520_y56960.png,ch2_ohr_ncp_20250612T2229094979_d_img_d18,60.436058,355.510587,98.316,0.0,0.3016,0,No target feature
ch2_ohr_ncp_20250612T2031048828_d_img_d18_x11520_y74880.png,ch2_ohr_ncp_20250612T2031048828_d_img_d18,60.226719,355.465224,98.288,0.0,0.3015,0,No target feature
ch2_ohr_ncp_20250612T2229094979_d_img_d18_x11520_y28160.png,ch2_ohr_ncp_20250612T2229094979_d_img_d18,60.732992,355.549312,98.284,0.0,0.3014,0,No target feature
ch2_ohr_ncp_20250612T2229094979_d_img_d18_x11520_y75520.png,ch2_ohr_ncp_20250612T2229094979_d_img_d18,60.24471,355.486232,98.282,0.0,0.3014,0,No target feature
ch2_ohr_ncp_20190907T0438126359_d_img_g26_x02560_y93440.png,ch2_ohr_ncp_20190907T0438126359_d_img_g26,-71.366913,22.744599,98.205,0.0,0.301,0,No target feature
ch2_ohr_ncp_20250612T2031048828_d_img_d18_x11520_y32000.png,ch2_ohr_ncp_20250612T2031048828_d_img_d18,60.670299,355.507144,98.19,0.0,0.301,0,No target feature
ch2_ohr_ncp_20250612T2229094979_d_img_d18_x11520_y14080.png,ch2_ohr_ncp_20250612T2229094979_d_img_d18,60.878141,355.568607,98.124,0.0,0.3006,0,No target feature
ch2_ohr_ncp_20250612T2229094979_d_img_d18_x11520_y17280.png,ch2_ohr_ncp_20250612T2229094979_d_img_d18,60.845155,355.564211,98.131,0.0,0.3006,0,No target feature
ch2_ohr_ncp_20250612T2229094979_d_img_d18_x11520_y39680.png,ch2_ohr_ncp_20250612T2229094979_d_img_d18,60.614214,355.53371,98.116,0.0,0.3006,0,No target feature
ch2_ohr_ncp_20250612T2229094979_d_img_d18_x11520_y72320.png,ch2_ohr_ncp_20250612T2229094979_d_img_d18,60.2777,355.490423,98.076,0.0,0.3004,0,No target feature
ch2_ohr_ncp_20250612T2229094979_d_img_d18_x11520_y49920.png,ch2_ohr_ncp_20250612T2229094979_d_img_d18,60.508643,355.519973,98.045,0.0,0.3002,0,No target feature
ch2_ohr_ncp_20250612T2031048828_d_img_d18_x11520_y38400.png,ch2_ohr_ncp_20250612T2031048828_d_img_d18,60.604085,355.50082,98.002,0.0,0.3,0,No target feature
ch2_ohr_ncp_20250612T2031048828_d_img_d18_x11520_y58880.png,ch2_ohr_ncp_20250612T2031048828_d_img_d18,60.392233,355.48074,97.995,0.0,0.3,0,No target feature
ch2_ohr_ncp_20250612T2031048828_d_img_d18_x11520_y78720.png,ch2_ohr_ncp_20250612T2031048828_d_img_d18,60.186995,355.461509,97.959,0.0,0.2998,0,No target feature
ch2_ohr_ncp_20250612T2229094979_d_img_d18_x11520_y72960.png,ch2_ohr_ncp_20250612T2229094979_d_img_d18,60.271103,355.48957,97.954,0.0,0.2997,0,No target feature
ch2_ohr_ncp_20250612T2031048828_d_img_d18_x11520_y58240.png,ch2_ohr_ncp_20250612T2031048828_d_img_d18,60.398853,355.481356,97.914,0.0,0.2995,0,No target feature
ch2_ohr_ncp_20250612T2229094979_d_img_d18_x11520_y37120.png,ch2_ohr_ncp_20250612T2229094979_d_img_d18,60.640613,355.537194,97.852,0.0,0.2992,0,No target feature
ch2_ohr_ncp_20250612T2229094979_d_img_d18_x11520_y48000.png,ch2_ohr_ncp_20250612T2229094979_d_img_d18,60.528438,355.522539,97.82,0.0,0.2991,0,No target feature
ch2_ohr_ncp_20250612T2031048828_d_img_d18_x11520_y76800.png,ch2_ohr_ncp_20250612T2031048828_d_img_d18,60.206856,355.463367,97.799,0.0,0.299,0,No target feature
ch2_ohr_ncp_20250612T2031048828_d_img_d18_x11520_y60160.png,ch2_ohr_ncp_20250612T2031048828_d_img_d18,60.378993,355.479494,97.798,0.0,0.2989,0,No target feature
ch2_ohr_ncp_20250612T2031048828_d_img_d18_x11520_y61440.png,ch2_ohr_ncp_20250612T2031048828_d_img_d18,60.365755,355.478244,97.781,0.0,0.2989,0,No target feature
ch2_ohr_ncp_20250612T2031048828_d_img_d18_x11520_y71040.png,ch2_ohr_ncp_20250612T2031048828_d_img_d18,60.266435,355.468924,97.773,0.0,0.2988,0,No target feature
ch2_ohr_ncp_20250612T2031048828_d_img_d18_x11520_y08320.png,ch2_ohr_ncp_20250612T2031048828_d_img_d18,60.915267,355.53071,97.725,0.0,0.2986,0,No target feature
ch2_ohr_ncp_20250612T2031048828_d_img_d18_x11520_y64640.png,ch2_ohr_ncp_20250612T2031048828_d_img_d18,60.332647,355.475119,97.705,0.0,0.2985,0,No target feature
ch2_ohr_ncp_20250612T2031048828_d_img_d18_x11520_y65920.png,ch2_ohr_ncp_20250612T2031048828_d_img_d18,60.319405,355.473882,97.656,0.0,0.2982,0,No target feature
ch2_ohr_ncp_20250612T2031048828_d_img_d18_x11520_y44160.png,ch2_ohr_ncp_20250612T2031048828_d_img_d18,60.544506,355.495151,97.628,0.0,0.2981,0,No target feature
ch2_ohr_ncp_20250612T2229094979_d_img_d18_x11520_y67840.png,ch2_ohr_ncp_20250612T2229094979_d_img_d18,60.323879,355.496271,97.639,0.0,0.2981,0,No target feature
ch2_ohr_ncp_20250612T2031048828_d_img_d18_x11520_y35200.png,ch2_ohr_ncp_20250612T2031048828_d_img_d18,60.637194,355.503978,97.603,0.0,0.298,0,No target feature
ch2_ohr_ncp_20250612T2229094979_d_img_d18_x11520_y25600.png,ch2_ohr_ncp_20250612T2229094979_d_img_d18,60.759388,355.552814,97.592,0.0,0.2979,0,No target feature
ch2_ohr_ncp_20250612T2031048828_d_img_d18_x11520_y51200.png,ch2_ohr_ncp_20250612T2031048828_d_img_d18,60.471676,355.488247,97.573,0.0,0.2978,0,No target feature
ch2_ohr_ncp_20250612T2229094979_d_img_d18_x11520_y33920.png,ch2_ohr_ncp_20250612T2229094979_d_img_d18,60.673605,355.541521,97.57,0.0,0.2978,0,No target feature
ch2_ohr_ncp_20250612T2031048828_d_img_d18_x11520_y05120.png,ch2_ohr_ncp_20250612T2031048828_d_img_d18,60.948379,355.533918,97.553,0.0,0.2977,0,No target feature
ch2_ohr_ncp_20250516T1540191774_d_img_d18_x11520_y55040.png,ch2_ohr_ncp_20250516T1540191774_d_img_d18,60.369007,355.595939,97.445,0.0,0.2971,0,No target feature
ch2_ohr_ncp_20250612T2229094979_d_img_d18_x11520_y46720.png,ch2_ohr_ncp_20250612T2229094979_d_img_d18,60.541635,355.52426,97.406,0.0,0.2969,0,No target feature
ch2_ohr_ncp_20250612T2229094979_d_img_d18_x11520_y68480.png,ch2_ohr_ncp_20250612T2229094979_d_img_d18,60.317281,355.495439,97.392,0.0,0.2969,0,No target feature
ch2_ohr_ncp_20250612T2031048828_d_img_d18_x11520_y69760.png,ch2_ohr_ncp_20250612T2031048828_d_img_d18,60.279678,355.470159,97.375,0.0,0.2968,0,No target feature
ch2_ohr_ncp_20190906T2241285714_d_img_gds_x08960_y10880.png,ch2_ohr_ncp_20190906T2241285714_d_img_gds,-70.650701,22.805257,97.335,0.0,0.2966,0,No target feature
ch2_ohr_ncp_20250612T2229094979_d_img_d18_x11520_y71680.png,ch2_ohr_ncp_20250612T2229094979_d_img_d18,60.28429,355.491238,97.339,0.0,0.2966,0,No target feature
ch2_ohr_ncp_20250612T2229094979_d_img_d18_x11520_y32640.png,ch2_ohr_ncp_20250612T2229094979_d_img_d18,60.686797,355.54324,97.303,0.0,0.2964,0,No target feature
ch2_ohr_ncp_20250612T2229094979_d_img_d18_x11520_y45440.png,ch2_ohr_ncp_20250612T2229094979_d_img_d18,60.554825,355.525967,97.294,0.0,0.2964,0,No target feature
ch2_ohr_ncp_20250612T2031048828_d_img_d18_x11520_y01280.png,ch2_ohr_ncp_20250612T2031048828_d_img_d18,60.988108,355.537807,97.202,0.0,0.2959,0,No target feature
ch2_ohr_ncp_20250612T2031048828_d_img_d18_x11520_y01920.png,ch2_ohr_ncp_20250612T2031048828_d_img_d18,60.981486,355.53715,97.162,0.0,0.2957,0,No target feature
ch2_ohr_ncp_20250612T2229094979_d_img_d18_x11520_y16640.png,ch2_ohr_ncp_20250612T2229094979_d_img_d18,60.851749,355.565095,97.129,0.0,0.2955,0,No target feature
ch2_ohr_ncp_20250516T1540191774_d_img_d18_x11520_y00000.png,ch2_ohr_ncp_20250516T1540191774_d_img_d18,60.875621,355.67918,97.107,0.0,0.2954,0,No target feature
ch2_ohr_ncp_20250612T2229094979_d_img_d18_x11520_y57600.png,ch2_ohr_ncp_20250612T2229094979_d_img_d18,60.429455,355.509745,97.091,0.0,0.2953,0,No target feature
ch2_ohr_ncp_20250612T2031048828_d_img_d18_x11520_y69120.png,ch2_ohr_ncp_20250612T2031048828_d_img_d18,60.286299,355.470776,97.048,0.0,0.2951,0,No target feature
ch2_ohr_ncp_20250516T0948068899_d_img_d18_x11520_y67200.png,ch2_ohr_ncp_20250516T0948068899_d_img_d18,60.255106,355.569474,97.028,0.0,0.295,0,No target feature
ch2_ohr_ncp_20250612T2229094979_d_img_d18_x11520_y65280.png,ch2_ohr_ncp_20250612T2229094979_d_img_d18,60.350265,355.499621,97.018,0.0,0.295,0,No target feature
ch2_ohr_ncp_20250612T2031048828_d_img_d18_x11520_y57600.png,ch2_ohr_ncp_20250612T2031048828_d_img_d18,60.405474,355.481986,97.0,0.0,0.2949,0,No target feature
ch2_ohr_ncp_20250612T2031048828_d_img_d18_x11520_y71680.png,ch2_ohr_ncp_20250612T2031048828_d_img_d18,60.259818,355.468324,96.995,0.0,0.2948,0,No target feature
ch2_ohr_ncp_20250612T2031048828_d_img_d18_x11520_y49280.png,ch2_ohr_ncp_20250612T2031048828_d_img_d18,60.491541,355.490124,96.963,0.0,0.2947,0,No target feature
ch2_ohr_ncp_20250612T2229094979_d_img_d18_x11520_y04480.png,ch2_ohr_ncp_20250612T2229094979_d_img_d18,60.977103,355.581918,96.972,0.0,0.2947,0,No target feature
ch2_ohr_ncp_20250516T1540191774_d_img_d18_x11520_y64000.png,ch2_ohr_ncp_20250516T1540191774_d_img_d18,60.286525,355.582612,96.94,0.0,0.2946,0,No target feature
ch2_ohr_ncp_20250612T2229094979_d_img_d18_x11520_y26240.png,ch2_ohr_ncp_20250612T2229094979_d_img_d18,60.752781,355.551943,96.956,0.0,0.2946,0,No target feature
ch2_ohr_ncp_20250612T2229094979_d_img_d18_x11520_y42240.png,ch2_ohr_ncp_20250612T2229094979_d_img_d18,60.587818,355.530255,96.939,0.0,0.2946,0,No target feature
ch2_ohr_ncp_20250612T2229094979_d_img_d18_x11520_y49280.png,ch2_ohr_ncp_20250612T2229094979_d_img_d18,60.515236,355.520823,96.938,0.0,0.2946,0,No target feature
ch2_ohr_ncp_20250612T2031048828_d_img_d18_x11520_y66560.png,ch2_ohr_ncp_20250612T2031048828_d_img_d18,60.312787,355.473264,96.934,0.0,0.2945,0,No target feature
ch2_ohr_ncp_20250612T2229094979_d_img_d18_x11520_y40320.png,ch2_ohr_ncp_20250612T2229094979_d_img_d18,60.607621,355.532855,96.919,0.0,0.2945,0,No target feature
ch2_ohr_ncp_20250612T2229094979_d_img_d18_x11520_y73600.png,ch2_ohr_ncp_20250612T2229094979_d_img_d18,60.264504,355.488732,96.92,0.0,0.2945,0,No target feature
ch2_ohr_ncp_20250612T2229094979_d_img_d18_x11520_y71040.png,ch2_ohr_ncp_20250612T2229094979_d_img_d18,60.290887,355.492082,96.912,0.0,0.2944,0,No target feature
ch2_ohr_ncp_20250612T2031048828_d_img_d18_x11520_y56960.png,ch2_ohr_ncp_20250612T2031048828_d_img_d18,60.412092,355.48261,96.879,0.0,0.2943,0,No target feature
ch2_ohr_ncp_20250612T2031048828_d_img_d18_x11520_y70400.png,ch2_ohr_ncp_20250612T2031048828_d_img_d18,60.273058,355.46955,96.886,0.0,0.2943,0,No target feature
ch2_ohr_ncp_20250516T1540191774_d_img_d18_x11520_y40960.png,ch2_ohr_ncp_20250516T1540191774_d_img_d18,60.498622,355.617006,96.885,0.0,0.2943,0,No target feature
ch2_ohr_ncp_20250612T2229094979_d_img_d18_x11520_y06400.png,ch2_ohr_ncp_20250612T2229094979_d_img_d18,60.957313,355.579252,96.891,0.0,0.2943,0,No target feature
ch2_ohr_ncp_20250612T2229094979_d_img_d18_x11520_y21120.png,ch2_ohr_ncp_20250612T2229094979_d_img_d18,60.805572,355.558947,96.89,0.0,0.2943,0,No target feature
ch2_ohr_ncp_20250612T2229094979_d_img_d18_x11520_y46080.png,ch2_ohr_ncp_20250612T2229094979_d_img_d18,60.548228,355.525091,96.879,0.0,0.2943,0,No target feature
ch2_ohr_ncp_20250612T2229094979_d_img_d18_x11520_y62720.png,ch2_ohr_ncp_20250612T2229094979_d_img_d18,60.376668,355.502997,96.865,0.0,0.2942,0,No target feature
ch2_ohr_ncp_20250612T2031048828_d_img_d18_x11520_y62720.png,ch2_ohr_ncp_20250612T2031048828_d_img_d18,60.352515,355.477002,96.84,0.0,0.2941,0,No target feature
ch2_ohr_ncp_20250612T2229094979_d_img_d18_x11520_y16000.png,ch2_ohr_ncp_20250612T2229094979_d_img_d18,60.858349,355.565973,96.834,0.0,0.294,0,No target feature
ch2_ohr_ncp_20250612T2229094979_d_img_d18_x11520_y05120.png,ch2_ohr_ncp_20250612T2229094979_d_img_d18,60.970508,355.581035,96.804,0.0,0.2939,0,No target feature
ch2_ohr_ncp_20250612T2031048828_d_img_d18_x11520_y04480.png,ch2_ohr_ncp_20250612T2031048828_d_img_d18,60.955001,355.534566,96.786,0.0,0.2938,0,No target feature
ch2_ohr_ncp_20250612T2031048828_d_img_d18_x11520_y46080.png,ch2_ohr_ncp_20250612T2031048828_d_img_d18,60.524649,355.49327,96.791,0.0,0.2938,0,No target feature
ch2_ohr_ncp_20250612T2229094979_d_img_d18_x11520_y08320.png,ch2_ohr_ncp_20250612T2229094979_d_img_d18,60.93752,355.576587,96.792,0.0,0.2938,0,No target feature
ch2_ohr_ncp_20250612T2031048828_d_img_d18_x11520_y00000.png,ch2_ohr_ncp_20250612T2031048828_d_img_d18,61.001347,355.539103,96.74,0.0,0.2935,0,No target feature
ch2_ohr_ncp_20250516T1540191774_d_img_d18_x11520_y37760.png,ch2_ohr_ncp_20250516T1540191774_d_img_d18,60.528073,355.621806,96.733,0.0,0.2935,0,No target feature
ch2_ohr_ncp_20250516T1540191774_d_img_d18_x11520_y79360.png,ch2_ohr_ncp_20250516T1540191774_d_img_d18,60.145124,355.559931,96.735,0.0,0.2935,0,No target feature
ch2_ohr_ncp_20250612T2229094979_d_img_d18_x11520_y70400.png,ch2_ohr_ncp_20250612T2229094979_d_img_d18,60.297488,355.492917,96.727,0.0,0.2935,0,No target feature
ch2_ohr_ncp_20250612T2031048828_d_img_d18_x11520_y43520.png,ch2_ohr_ncp_20250612T2031048828_d_img_d18,60.551124,355.495783,96.697,0.0,0.2933,0,No target feature
ch2_ohr_ncp_20250516T1540191774_d_img_d18_x11520_y38400.png,ch2_ohr_ncp_20250516T1540191774_d_img_d18,60.522177,355.620829,96.699,0.0,0.2933,0,No target feature
ch2_ohr_ncp_20250612T2031048828_d_img_d18_x11520_y10880.png,ch2_ohr_ncp_20250612T2031048828_d_img_d18,60.888779,355.52814,96.663,0.0,0.2932,0,No target feature
ch2_ohr_ncp_20250516T1540191774_d_img_d18_x11520_y80640.png,ch2_ohr_ncp_20250516T1540191774_d_img_d18,60.13334,355.55805,96.651,0.0,0.2931,0,No target feature
ch2_ohr_ncp_20250612T2229094979_d_img_d18_x11520_y12160.png,ch2_ohr_ncp_20250612T2229094979_d_img_d18,60.897935,355.571258,96.641,0.0,0.293,0,No target feature
ch2_ohr_ncp_20250612T2229094979_d_img_d18_x11520_y69120.png,ch2_ohr_ncp_20250612T2229094979_d_img_d18,60.310691,355.494613,96.624,0.0,0.293,0,No target feature
ch2_ohr_ncp_20250612T2229094979_d_img_d18_x11520_y47360.png,ch2_ohr_ncp_20250612T2229094979_d_img_d18,60.535038,355.523383,96.607,0.0,0.2929,0,No target feature
ch2_ohr_ncp_20250612T2031048828_d_img_d18_x11520_y40960.png,ch2_ohr_ncp_20250612T2031048828_d_img_d18,60.577608,355.498304,96.595,0.0,0.2928,0,No target feature
ch2_ohr_ncp_20250612T2229094979_d_img_d18_x11520_y60160.png,ch2_ohr_ncp_20250612T2229094979_d_img_d18,60.40306,355.506368,96.604,0.0,0.2928,0,No target feature
ch2_ohr_ncp_20250516T1540191774_d_img_d18_x11520_y81920.png,ch2_ohr_ncp_20250516T1540191774_d_img_d18,60.121563,355.55616,96.576,0.0,0.2927,0,No target feature
ch2_ohr_ncp_20250612T2229094979_d_img_d18_x11520_y27520.png,ch2_ohr_ncp_20250612T2229094979_d_img_d18,60.73959,355.550196,96.549,0.0,0.2926,0,No target feature
ch2_ohr_ncp_20250612T2031048828_d_img_d18_x11520_y03840.png,ch2_ohr_ncp_20250612T2031048828_d_img_d18,60.96162,355.535195,96.533,0.0,0.2925,0,No target feature
ch2_ohr_ncp_20250516T1145499313_d_img_d18_x11520_y60160.png,ch2_ohr_ncp_20250516T1145499313_d_img_d18,60.305094,355.586727,96.541,0.0,0.2925,0,No target feature
ch2_ohr_ncp_20250612T2229094979_d_img_d18_x11520_y62080.png,ch2_ohr_ncp_20250612T2229094979_d_img_d18,60.383262,355.503832,96.511,0.0,0.2924,0,No target feature
ch2_ohr_ncp_20250612T2031048828_d_img_d18_x11520_y49920.png,ch2_ohr_ncp_20250612T2031048828_d_img_d18,60.484918,355.489493,96.489,0.0,0.2923,0,No target feature
ch2_ohr_ncp_20250516T1540191774_d_img_d18_x11520_y61440.png,ch2_ohr_ncp_20250516T1540191774_d_img_d18,60.310086,355.586417,96.502,0.0,0.2923,0,No target feature
ch2_ohr_ncp_20250516T1540191774_d_img_d18_x11520_y64640.png,ch2_ohr_ncp_20250516T1540191774_d_img_d18,60.280636,355.581671,96.503,0.0,0.2923,0,No target feature
ch2_ohr_ncp_20250516T1540191774_d_img_d18_x11520_y65280.png,ch2_ohr_ncp_20250516T1540191774_d_img_d18,60.274738,355.580715,96.494,0.0,0.2923,0,No target feature
ch2_ohr_ncp_20250612T2031048828_d_img_d18_x11520_y31360.png,ch2_ohr_ncp_20250612T2031048828_d_img_d18,60.676918,355.507772,96.472,0.0,0.2922,0,No target feature
ch2_ohr_ncp_20250612T2031048828_d_img_d18_x11520_y59520.png,ch2_ohr_ncp_20250612T2031048828_d_img_d18,60.385613,355.480114,96.46,0.0,0.2921,0,No target feature
ch2_ohr_ncp_20250612T2031048828_d_img_d18_x11520_y65280.png,ch2_ohr_ncp_20250612T2031048828_d_img_d18,60.326028,355.474514,96.466,0.0,0.2921,0,No target feature
ch2_ohr_ncp_20250612T2229094979_d_img_d18_x11520_y03200.png,ch2_ohr_ncp_20250612T2229094979_d_img_d18,60.990302,355.583712,96.451,0.0,0.2921,0,No target feature
ch2_ohr_ncp_20250612T2031048828_d_img_d18_x11520_y42240.png,ch2_ohr_ncp_20250612T2031048828_d_img_d18,60.564365,355.497035,96.433,0.0,0.292,0,No target feature
ch2_ohr_ncp_20250612T2229094979_d_img_d18_x11520_y10240.png,ch2_ohr_ncp_20250612T2229094979_d_img_d18,60.91772,355.573924,96.413,0.0,0.2919,0,No target feature
ch2_ohr_ncp_20250612T2031048828_d_img_d18_x11520_y41600.png,ch2_ohr_ncp_20250612T2031048828_d_img_d18,60.570987,355.497672,96.392,0.0,0.2918,0,No target feature
ch2_ohr_ncp_20250612T2031048828_d_img_d18_x11520_y78080.png,ch2_ohr_ncp_20250612T2031048828_d_img_d18,60.193616,355.462134,96.37,0.0,0.2917,0,No target feature
ch2_ohr_ncp_20250516T1145499313_d_img_d18_x11520_y26240.png,ch2_ohr_ncp_20250516T1145499313_d_img_d18,60.618172,355.61553,96.365,0.0,0.2916,0,No target feature
ch2_ohr_ncp_20250516T1540191774_d_img_d18_x11520_y28800.png,ch2_ohr_ncp_20250516T1540191774_d_img_d18,60.610546,355.635307,96.353,0.0,0.2916,0,No target feature
ch2_ohr_ncp_20190907T0438126359_d_img_g26_x10240_y12800.png,ch2_ohr_ncp_20190907T0438126359_d_img_g26,-70.638223,22.808317,96.333,0.0,0.2915,0,No target feature
ch2_ohr_ncp_20250612T2031048828_d_img_d18_x11520_y24960.png,ch2_ohr_ncp_20250612T2031048828_d_img_d18,60.743126,355.514113,96.335,0.0,0.2915,0,No target feature
ch2_ohr_ncp_20250516T1145499313_d_img_d18_x11520_y78720.png,ch2_ohr_ncp_20250516T1145499313_d_img_d18,60.133774,355.571199,96.348,0.0,0.2915,0,No target feature
ch2_ohr_ncp_20250516T1145499313_d_img_d18_x11520_y37120.png,ch2_ohr_ncp_20250516T1145499313_d_img_d18,60.517756,355.606219,96.315,0.0,0.2914,0,No target feature
ch2_ohr_ncp_20250516T1145499313_d_img_d18_x11520_y42240.png,ch2_ohr_ncp_20250516T1145499313_d_img_d18,60.470501,355.601868,96.311,0.0,0.2914,0,No target feature
ch2_ohr_ncp_20250516T1342347288_d_img_d18_x11520_y80000.png,ch2_ohr_ncp_20250516T1342347288_d_img_d18,60.105293,355.534159,96.33,0.0,0.2914,0,No target feature
ch2_ohr_ncp_20250612T2229094979_d_img_d18_x11520_y24960.png,ch2_ohr_ncp_20250612T2229094979_d_img_d18,60.765988,355.553676,96.327,0.0,0.2914,0,No target feature
ch2_ohr_ncp_20250516T0948068899_d_img_d18_x11520_y71680.png,ch2_ohr_ncp_20250516T0948068899_d_img_d18,60.213807,355.567221,96.308,0.0,0.2913,0,No target feature
ch2_ohr_ncp_20250612T2229094979_d_img_d18_x11520_y23040.png,ch2_ohr_ncp_20250612T2229094979_d_img_d18,60.785775,355.556313,96.31,0.0,0.2913,0,No target feature
ch2_ohr_ncp_20250612T2031048828_d_img_d18_x11520_y02560.png,ch2_ohr_ncp_20250612T2031048828_d_img_d18,60.974865,355.536496,96.277,0.0,0.2912,0,No target feature
ch2_ohr_ncp_20250612T2229094979_d_img_d18_x11520_y21760.png,ch2_ohr_ncp_20250612T2229094979_d_img_d18,60.798975,355.558057,96.279,0.0,0.2912,0,No target feature
ch2_ohr_ncp_20250612T2031048828_d_img_d18_x11520_y46720.png,ch2_ohr_ncp_20250612T2031048828_d_img_d18,60.518027,355.492625,96.267,0.0,0.2911,0,No target feature
ch2_ohr_ncp_20250612T2031048828_d_img_d18_x11520_y33920.png,ch2_ohr_ncp_20250612T2031048828_d_img_d18,60.650437,355.505233,96.25,0.0,0.291,0,No target feature
ch2_ohr_ncp_20250516T1540191774_d_img_d18_x11520_y72960.png,ch2_ohr_ncp_20250516T1540191774_d_img_d18,60.204036,355.569343,96.237,0.0,0.291,0,No target feature
ch2_ohr_ncp_20240425T1406019344_d_img_d18_x01920_y83200.png,ch2_ohr_ncp_20240425T1406019344_d_img_d18,-69.741233,32.206708,96.213,0.0,0.2909,0,No target feature
ch2_ohr_ncp_20240425T1406019344_d_img_d18_x05760_y93440.png,ch2_ohr_ncp_20240425T1406019344_d_img_d18,-69.833855,32.295756,96.224,0.0,0.2909,0,No target feature
ch2_ohr_ncp_20250612T2031048828_d_img_d18_x11520_y23040.png,ch2_ohr_ncp_20250612T2031048828_d_img_d18,60.762989,355.516019,96.201,0.0,0.2908,0,No target feature
ch2_ohr_ncp_20250612T2031048828_d_img_d18_x11520_y50560.png,ch2_ohr_ncp_20250612T2031048828_d_img_d18,60.478299,355.488858,96.196,0.0,0.2908,0,No target feature
ch2_ohr_ncp_20250516T1540191774_d_img_d18_x11520_y58880.png,ch2_ohr_ncp_20250516T1540191774_d_img_d18,60.33366,355.59022,96.207,0.0,0.2908,0,No target feature
ch2_ohr_ncp_20250612T2229094979_d_img_d18_x11520_y37760.png,ch2_ohr_ncp_20250612T2229094979_d_img_d18,60.634016,355.536322,96.204,0.0,0.2908,0,No target feature
ch2_ohr_ncp_20250612T2229094979_d_img_d18_x11520_y65920.png,ch2_ohr_ncp_20250612T2229094979_d_img_d18,60.343674,355.498803,96.206,0.0,0.2908,0,No target feature
ch2_ohr_ncp_20250612T2031048828_d_img_d18_x11520_y03200.png,ch2_ohr_ncp_20250612T2031048828_d_img_d18,60.968245,355.535867,96.189,0.0,0.2907,0,No target feature
ch2_ohr_ncp_20250612T2031048828_d_img_d18_x11520_y23680.png,ch2_ohr_ncp_20250612T2031048828_d_img_d18,60.75637,355.515395,96.188,0.0,0.2907,0,No target feature
ch2_ohr_ncp_20250516T1540191774_d_img_d18_x11520_y81280.png,ch2_ohr_ncp_20250516T1540191774_d_img_d18,60.127447,355.55711,96.191,0.0,0.2907,0,No target feature
ch2_ohr_ncp_20250612T2031048828_d_img_d18_x11520_y37760.png,ch2_ohr_ncp_20250612T2031048828_d_img_d18,60.610705,355.501439,96.159,0.0,0.2906,0,No target feature
ch2_ohr_ncp_20250516T1145499313_d_img_d18_x11520_y66560.png,ch2_ohr_ncp_20250516T1145499313_d_img_d18,60.246022,355.581349,96.145,0.0,0.2905,0,No target feature
ch2_ohr_ncp_20250516T1540191774_d_img_d18_x11520_y80000.png,ch2_ohr_ncp_20250516T1540191774_d_img_d18,60.139237,355.558979,96.121,0.0,0.2904,0,No target feature
ch2_ohr_ncp_20250516T0948068899_d_img_d18_x11520_y35840.png,ch2_ohr_ncp_20250516T0948068899_d_img_d18,60.544261,355.58565,96.11,0.0,0.2903,0,No target feature
ch2_ohr_ncp_20250516T0948068899_d_img_d18_x11520_y66560.png,ch2_ohr_ncp_20250516T0948068899_d_img_d18,60.261012,355.56981,96.1,0.0,0.2903,0,No target feature
ch2_ohr_ncp_20250516T1342347288_d_img_d18_x11520_y77440.png,ch2_ohr_ncp_20250516T1342347288_d_img_d18,60.128855,355.537064,96.113,0.0,0.2903,0,No target feature
ch2_ohr_ncp_20250612T2229094979_d_img_d18_x11520_y08960.png,ch2_ohr_ncp_20250612T2229094979_d_img_d18,60.930923,355.575692,96.097,0.0,0.2903,0,No target feature
ch2_ohr_ncp_20250516T1540191774_d_img_d18_x11520_y76800.png,ch2_ohr_ncp_20250516T1540191774_d_img_d18,60.16869,355.563696,96.095,0.0,0.2902,0,No target feature
ch2_ohr_ncp_20250612T2229094979_d_img_d18_x11520_y00000.png,ch2_ohr_ncp_20250612T2229094979_d_img_d18,61.023287,355.588179,96.083,0.0,0.2902,0,No target feature
ch2_ohr_ncp_20250612T2229094979_d_img_d18_x11520_y53120.png,ch2_ohr_ncp_20250612T2229094979_d_img_d18,60.47565,355.515687,96.079,0.0,0.2902,0,No target feature
ch2_ohr_ncp_20250612T2031048828_d_img_d18_x11520_y28160.png,ch2_ohr_ncp_20250612T2031048828_d_img_d18,60.710023,355.510943,96.065,0.0,0.2901,0,No target feature
ch2_ohr_ncp_20250612T2031048828_d_img_d18_x11520_y56320.png,ch2_ohr_ncp_20250612T2031048828_d_img_d18,60.418709,355.483243,96.063,0.0,0.2901,0,No target feature
ch2_ohr_ncp_20250516T1342347288_d_img_d18_x11520_y87040.png,ch2_ohr_ncp_20250516T1342347288_d_img_d18,60.040502,355.526154,96.037,0.0,0.29,0,No target feature
ch2_ohr_ncp_20250516T1540191774_d_img_d18_x11520_y62080.png,ch2_ohr_ncp_20250516T1540191774_d_img_d18,60.304202,355.585461,96.04,0.0,0.29,0,No target feature
ch2_ohr_ncp_20250612T2031048828_d_img_d18_x11520_y33280.png,ch2_ohr_ncp_20250612T2031048828_d_img_d18,60.657059,355.505868,96.024,0.0,0.2899,0,No target feature
ch2_ohr_ncp_20250612T2031048828_d_img_d18_x11520_y72960.png,ch2_ohr_ncp_20250612T2031048828_d_img_d18,60.246578,355.467075,96.002,0.0,0.2898,0,No target feature
ch2_ohr_ncp_20250612T2031048828_d_img_d18_x11520_y48640.png,ch2_ohr_ncp_20250612T2031048828_d_img_d18,60.498162,355.490733,95.983,0.0,0.2897,0,No target feature
ch2_ohr_ncp_20250612T2031048828_d_img_d18_x11520_y55040.png,ch2_ohr_ncp_20250612T2031048828_d_img_d18,60.431945,355.484476,95.982,0.0,0.2897,0,No target feature
ch2_ohr_ncp_20250612T2229094979_d_img_d18_x11520_y64640.png,ch2_ohr_ncp_20250612T2229094979_d_img_d18,60.356863,355.50046,95.964,0.0,0.2896,0,No target feature
ch2_ohr_ncp_20250516T0948068899_d_img_d18_x11520_y67840.png,ch2_ohr_ncp_20250516T0948068899_d_img_d18,60.249207,355.569145,95.947,0.0,0.2895,0,No target feature
ch2_ohr_ncp_20250516T1145499313_d_img_d18_x11520_y55680.png,ch2_ohr_ncp_20250516T1145499313_d_img_d18,60.346447,355.590494,95.934,0.0,0.2894,0,No target feature
ch2_ohr_ncp_20250516T1540191774_d_img_d18_x11520_y41600.png,ch2_ohr_ncp_20250516T1540191774_d_img_d18,60.492726,355.616038,95.921,0.0,0.2894,0,No target feature
ch2_ohr_ncp_20250516T1145499313_d_img_d18_x11520_y64000.png,ch2_ohr_ncp_20250516T1145499313_d_img_d18,60.26965,355.583497,95.906,0.0,0.2893,0,No target feature
ch2_ohr_ncp_20250612T2031048828_d_img_d18_x11520_y75520.png,ch2_ohr_ncp_20250612T2031048828_d_img_d18,60.220095,355.464595,95.882,0.0,0.2892,0,No target feature
ch2_ohr_ncp_20250516T1145499313_d_img_d18_x11520_y41600.png,ch2_ohr_ncp_20250516T1145499313_d_img_d18,60.47641,355.6024,95.888,0.0,0.2892,0,No target feature
ch2_ohr_ncp_20250516T1342347288_d_img_d18_x11520_y67840.png,ch2_ohr_ncp_20250516T1342347288_d_img_d18,60.217212,355.548036,95.882,0.0,0.2892,0,No target feature
ch2_ohr_ncp_20250612T2031048828_d_img_d18_x11520_y73600.png,ch2_ohr_ncp_20250612T2031048828_d_img_d18,60.239956,355.466471,95.866,0.0,0.2891,0,No target feature
ch2_ohr_ncp_20250516T1342347288_d_img_d18_x11520_y60800.png,ch2_ohr_ncp_20250516T1342347288_d_img_d18,60.282,355.556113,95.873,0.0,0.2891,0,No target feature
ch2_ohr_ncp_20250612T2229094979_d_img_d18_x11520_y44800.png,ch2_ohr_ncp_20250612T2229094979_d_img_d18,60.561432,355.526826,95.871,0.0,0.2891,0,No target feature
ch2_ohr_ncp_20250612T2031048828_d_img_d18_x11520_y34560.png,ch2_ohr_ncp_20250612T2031048828_d_img_d18,60.643815,355.504602,95.843,0.0,0.289,0,No target feature
ch2_ohr_ncp_20250612T2229094979_d_img_d18_x11520_y53760.png,ch2_ohr_ncp_20250612T2229094979_d_img_d18,60.469051,355.514824,95.848,0.0,0.289,0,No target feature
ch2_ohr_ncp_20250516T1342347288_d_img_d18_x11520_y72320.png,ch2_ohr_ncp_20250516T1342347288_d_img_d18,60.175981,355.542898,95.836,0.0,0.2889,0,No target feature
ch2_ohr_ncp_20250516T1145499313_d_img_d18_x11520_y53120.png,ch2_ohr_ncp_20250516T1145499313_d_img_d18,60.37008,355.592659,95.806,0.0,0.2888,0,No target feature
ch2_ohr_ncp_20250516T1145499313_d_img_d18_x11520_y62720.png,ch2_ohr_ncp_20250516T1145499313_d_img_d18,60.281468,355.58457,95.817,0.0,0.2888,0,No target feature
ch2_ohr_ncp_20250516T1540191774_d_img_d18_x11520_y57600.png,ch2_ohr_ncp_20250516T1540191774_d_img_d18,60.345437,355.59213,95.803,0.0,0.2888,0,No target feature
ch2_ohr_ncp_20250516T0948068899_d_img_d18_x11520_y64000.png,ch2_ohr_ncp_20250516T0948068899_d_img_d18,60.284612,355.571105,95.767,0.0,0.2886,0,No target feature
ch2_ohr_ncp_20250612T2031048828_d_img_d18_x11520_y11520.png,ch2_ohr_ncp_20250612T2031048828_d_img_d18,60.882158,355.527505,95.752,0.0,0.2885,0,No target feature
ch2_ohr_ncp_20250516T1342347288_d_img_d18_x11520_y62080.png,ch2_ohr_ncp_20250516T1342347288_d_img_d18,60.270216,355.554632,95.746,0.0,0.2885,0,No target feature
ch2_ohr_ncp_20250612T2229094979_d_img_d18_x11520_y56320.png,ch2_ohr_ncp_20250612T2229094979_d_img_d18,60.442656,355.511442,95.754,0.0,0.2885,0,No target feature
ch2_ohr_ncp_20250516T0948068899_d_img_d18_x11520_y80640.png,ch2_ohr_ncp_20250516T0948068899_d_img_d18,60.131187,355.562707,95.724,0.0,0.2884,0,No target feature
ch2_ohr_ncp_20250612T2031048828_d_img_d18_x11520_y39040.png,ch2_ohr_ncp_20250612T2031048828_d_img_d18,60.597466,355.500186,95.695,0.0,0.2882,0,No target feature
ch2_ohr_ncp_20250516T1540191774_d_img_d18_x11520_y56320.png,ch2_ohr_ncp_20250516T1540191774_d_img_d18,60.357223,355.594031,95.7,0.0,0.2882,0,No target feature
ch2_ohr_ncp_20250612T2229094979_d_img_d18_x11520_y19200.png,ch2_ohr_ncp_20250612T2229094979_d_img_d18,60.825368,355.561576,95.702,0.0,0.2882,0,No target feature
ch2_ohr_ncp_20250516T1540191774_d_img_d18_x11520_y53120.png,ch2_ohr_ncp_20250516T1540191774_d_img_d18,60.386682,355.598801,95.669,0.0,0.2881,0,No target feature
ch2_ohr_ncp_20250612T2031048828_d_img_d18_x11520_y05760.png,ch2_ohr_ncp_20250612T2031048828_d_img_d18,60.941758,355.533268,95.638,0.0,0.2879,0,No target feature
ch2_ohr_ncp_20250612T2031048828_d_img_d18_x11520_y21760.png,ch2_ohr_ncp_20250612T2031048828_d_img_d18,60.776234,355.517296,95.626,0.0,0.2879,0,No target feature
ch2_ohr_ncp_20250612T2031048828_d_img_d18_x11520_y35840.png,ch2_ohr_ncp_20250612T2031048828_d_img_d18,60.63057,355.503333,95.633,0.0,0.2879,0,No target feature
ch2_ohr_ncp_20250516T1145499313_d_img_d18_x11520_y33920.png,ch2_ohr_ncp_20250516T1145499313_d_img_d18,60.547286,355.608942,95.642,0.0,0.2879,0,No target feature
ch2_ohr_ncp_20250516T1540191774_d_img_d18_x11520_y74880.png,ch2_ohr_ncp_20250516T1540191774_d_img_d18,60.186361,355.566526,95.641,0.0,0.2879,0,No target feature
ch2_ohr_ncp_20250516T1145499313_d_img_d18_x11520_y56960.png,ch2_ohr_ncp_20250516T1145499313_d_img_d18,60.334635,355.589426,95.604,0.0,0.2877,0,No target feature
ch2_ohr_ncp_20250516T1342347288_d_img_d18_x11520_y78080.png,ch2_ohr_ncp_20250516T1342347288_d_img_d18,60.122966,355.53634,95.602,0.0,0.2877,0,No target feature
ch2_ohr_ncp_20250612T2229094979_d_img_d18_x11520_y13440.png,ch2_ohr_ncp_20250612T2229094979_d_img_d18,60.884734,355.569491,95.604,0.0,0.2877,0,No target feature
ch2_ohr_ncp_20250516T0948068899_d_img_d18_x11520_y19840.png,ch2_ohr_ncp_20250516T0948068899_d_img_d18,60.691778,355.594089,95.575,0.0,0.2876,0,No target feature
ch2_ohr_ncp_20250516T1540191774_d_img_d18_x11520_y39680.png,ch2_ohr_ncp_20250516T1540191774_d_img_d18,60.510398,355.618923,95.586,0.0,0.2876,0,No target feature
ch2_ohr_ncp_20250612T2031048828_d_img_d18_x11520_y62080.png,ch2_ohr_ncp_20250612T2031048828_d_img_d18,60.359136,355.477635,95.533,0.0,0.2874,0,No target feature
ch2_ohr_ncp_20250516T1540191774_d_img_d18_x11520_y68480.png,ch2_ohr_ncp_20250516T1540191774_d_img_d18,60.245287,355.575964,95.535,0.0,0.2874,0,No target feature
ch2_ohr_ncp_20250612T2031048828_d_img_d18_x11520_y00640.png,ch2_ohr_ncp_20250612T2031048828_d_img_d18,60.994725,355.538437,95.515,0.0,0.2873,0,No target feature
ch2_ohr_ncp_20250516T1145499313_d_img_d18_x11520_y71680.png,ch2_ohr_ncp_20250516T1145499313_d_img_d18,60.198757,355.577064,95.521,0.0,0.2873,0,No target feature
ch2_ohr_ncp_20250516T1145499313_d_img_d18_x11520_y80000.png,ch2_ohr_ncp_20250516T1145499313_d_img_d18,60.121962,355.570134,95.513,0.0,0.2873,0,No target feature
ch2_ohr_ncp_20250516T1145499313_d_img_d18_x11520_y57600.png,ch2_ohr_ncp_20250516T1145499313_d_img_d18,60.328723,355.588882,95.494,0.0,0.2872,0,No target feature
ch2_ohr_ncp_20250612T2229094979_d_img_d18_x11520_y31360.png,ch2_ohr_ncp_20250612T2229094979_d_img_d18,60.700001,355.544969,95.493,0.0,0.2872,0,No target feature
ch2_ohr_ncp_20250516T1540191774_d_img_d18_x11520_y54400.png,ch2_ohr_ncp_20250516T1540191774_d_img_d18,60.374899,355.596892,95.48,0.0,0.2871,0,No target feature
ch2_ohr_ncp_20250516T1145499313_d_img_d18_x11520_y59520.png,ch2_ohr_ncp_20250516T1145499313_d_img_d18,60.310998,355.587265,95.455,0.0,0.287,0,No target feature
ch2_ohr_ncp_20250516T1540191774_d_img_d18_x11520_y82560.png,ch2_ohr_ncp_20250516T1540191774_d_img_d18,60.115665,355.555244,95.453,0.0,0.287,0,No target feature
ch2_ohr_ncp_20250612T2229094979_d_img_d18_x11520_y26880.png,ch2_ohr_ncp_20250612T2229094979_d_img_d18,60.746183,355.551066,95.433,0.0,0.2869,0,No target feature
ch2_ohr_ncp_20250516T0948068899_d_img_d18_x11520_y63360.png,ch2_ohr_ncp_20250516T0948068899_d_img_d18,60.290518,355.571441,95.422,0.0,0.2868,0,No target feature
ch2_ohr_ncp_20250516T1145499313_d_img_d18_x11520_y77440.png,ch2_ohr_ncp_20250516T1145499313_d_img_d18,60.145594,355.572261,95.423,0.0,0.2868,0,No target feature
ch2_ohr_ncp_20250612T2229094979_d_img_d18_x11520_y41600.png,ch2_ohr_ncp_20250612T2229094979_d_img_d18,60.594425,355.53113,95.425,0.0,0.2868,0,No target feature
ch2_ohr_ncp_20240425T1406019344_d_img_d18_x01280_y93440.png,ch2_ohr_ncp_20240425T1406019344_d_img_d18,-69.831235,32.182089,95.404,0.0,0.2867,0,No target feature
ch2_ohr_ncp_20250516T1342347288_d_img_d18_x11520_y60160.png,ch2_ohr_ncp_20250516T1342347288_d_img_d18,60.287897,355.556834,95.41,0.0,0.2867,0,No target feature
ch2_ohr_ncp_20250612T2229094979_d_img_d18_x11520_y48640.png,ch2_ohr_ncp_20250612T2229094979_d_img_d18,60.521833,355.521684,95.405,0.0,0.2867,0,No target feature
ch2_ohr_ncp_20250612T2031048828_d_img_d18_x11520_y30720.png,ch2_ohr_ncp_20250612T2031048828_d_img_d18,60.683541,355.508411,95.384,0.0,0.2866,0,No target feature
ch2_ohr_ncp_20250516T1342347288_d_img_d18_x11520_y63360.png,ch2_ohr_ncp_20250516T1342347288_d_img_d18,60.258438,355.553158,95.375,0.0,0.2866,0,No target feature
ch2_ohr_ncp_20250612T2229094979_d_img_d18_x11520_y61440.png,ch2_ohr_ncp_20250612T2229094979_d_img_d18,60.389858,355.504682,95.379,0.0,0.2866,0,No target feature
ch2_ohr_ncp_20250516T0948068899_d_img_d18_x11520_y80000.png,ch2_ohr_ncp_20250516T0948068899_d_img_d18,60.137089,355.563019,95.366,0.0,0.2865,0,No target feature
ch2_ohr_ncp_20250516T1145499313_d_img_d18_x11520_y36480.png,ch2_ohr_ncp_20250516T1145499313_d_img_d18,60.523659,355.606763,95.331,0.0,0.2863,0,No target feature
ch2_ohr_ncp_20250516T1145499313_d_img_d18_x11520_y61440.png,ch2_ohr_ncp_20250516T1145499313_d_img_d18,60.293275,355.585639,95.317,0.0,0.2863,0,No target feature
ch2_ohr_ncp_20250516T1145499313_d_img_d18_x11520_y70400.png,ch2_ohr_ncp_20250516T1145499313_d_img_d18,60.210572,355.578122,95.318,0.0,0.2863,0,No target feature
ch2_ohr_ncp_20250516T1540191774_d_img_d18_x11520_y48000.png,ch2_ohr_ncp_20250516T1540191774_d_img_d18,60.433808,355.60645,95.294,0.0,0.2862,0,No target feature
ch2_ohr_ncp_20250612T2229094979_d_img_d18_x11520_y55040.png,ch2_ohr_ncp_20250612T2229094979_d_img_d18,60.455845,355.513134,95.299,0.0,0.2862,0,No target feature
ch2_ohr_ncp_20250516T0948068899_d_img_d18_x11520_y69120.png,ch2_ohr_ncp_20250516T0948068899_d_img_d18,60.237407,355.568487,95.281,0.0,0.2861,0,No target feature
ch2_ohr_ncp_20250612T2031048828_d_img_d18_x11520_y08960.png,ch2_ohr_ncp_20250612T2031048828_d_img_d18,60.908643,355.530066,95.277,0.0,0.2861,0,No target feature
ch2_ohr_ncp_20250612T2031048828_d_img_d18_x11520_y54400.png,ch2_ohr_ncp_20250612T2031048828_d_img_d18,60.438565,355.485114,95.279,0.0,0.2861,0,No target feature
ch2_ohr_ncp_20250516T1145499313_d_img_d18_x11520_y40960.png,ch2_ohr_ncp_20250516T1145499313_d_img_d18,60.482311,355.602952,95.276,0.0,0.2861,0,No target feature
ch2_ohr_ncp_20250516T1145499313_d_img_d18_x11520_y46720.png,ch2_ohr_ncp_20250516T1145499313_d_img_d18,60.429145,355.598064,95.283,0.0,0.2861,0,No target feature
ch2_ohr_ncp_20250516T1540191774_d_img_d18_x11520_y55680.png,ch2_ohr_ncp_20250516T1540191774_d_img_d18,60.36311,355.594994,95.279,0.0,0.2861,0,No target feature
ch2_ohr_ncp_20250612T2031048828_d_img_d18_x11520_y15360.png,ch2_ohr_ncp_20250612T2031048828_d_img_d18,60.842436,355.523674,95.27,0.0,0.286,0,No target feature
ch2_ohr_ncp_20250612T2229094979_d_img_d18_x11520_y78080.png,ch2_ohr_ncp_20250612T2229094979_d_img_d18,60.21831,355.482895,95.259,0.0,0.286,0,No target feature
ch2_ohr_ncp_20250516T0948068899_d_img_d18_x11520_y44160.png,ch2_ohr_ncp_20250516T0948068899_d_img_d18,60.467545,355.581306,95.236,0.0,0.2859,0,No target feature
ch2_ohr_ncp_20250516T0948068899_d_img_d18_x11520_y78720.png,ch2_ohr_ncp_20250516T0948068899_d_img_d18,60.148887,355.563676,95.236,0.0,0.2859,0,No target feature
ch2_ohr_ncp_20250612T2031048828_d_img_d18_x11520_y28800.png,ch2_ohr_ncp_20250612T2031048828_d_img_d18,60.703403,355.510322,95.237,0.0,0.2859,0,No target feature
ch2_ohr_ncp_20250516T0948068899_d_img_d18_x11520_y22400.png,ch2_ohr_ncp_20250516T0948068899_d_img_d18,60.668177,355.592718,95.216,0.0,0.2858,0,No target feature
ch2_ohr_ncp_20250516T1540191774_d_img_d18_x11520_y43520.png,ch2_ohr_ncp_20250516T1540191774_d_img_d18,60.475051,355.613158,95.216,0.0,0.2858,0,No target feature
ch2_ohr_ncp_20250612T2031048828_d_img_d18_x11520_y07040.png,ch2_ohr_ncp_20250612T2031048828_d_img_d18,60.928514,355.531987,95.197,0.0,0.2857,0,No target feature
ch2_ohr_ncp_20250516T1145499313_d_img_d18_x11520_y37760.png,ch2_ohr_ncp_20250516T1145499313_d_img_d18,60.511849,355.605668,95.176,0.0,0.2856,0,No target feature
ch2_ohr_ncp_20250516T1540191774_d_img_d18_x11520_y74240.png,ch2_ohr_ncp_20250516T1540191774_d_img_d18,60.192263,355.567473,95.185,0.0,0.2856,0,No target feature
ch2_ohr_ncp_20250516T0948068899_d_img_d18_x11520_y81280.png,ch2_ohr_ncp_20250516T0948068899_d_img_d18,60.125283,355.562388,95.157,0.0,0.2855,0,No target feature
ch2_ohr_ncp_20250516T1540191774_d_img_d18_x11520_y67840.png,ch2_ohr_ncp_20250516T1540191774_d_img_d18,60.251175,355.576898,95.174,0.0,0.2855,0,No target feature
ch2_ohr_ncp_20250516T1540191774_d_img_d18_x11520_y30080.png,ch2_ohr_ncp_20250516T1540191774_d_img_d18,60.598766,355.633369,95.14,0.0,0.2854,0,No target feature
ch2_ohr_ncp_20240425T1012478407_d_img_d18_x02560_y83840.png,ch2_ohr_ncp_20240425T1012478407_d_img_d18,-69.741312,32.206158,95.129,0.0,0.2853,0,No target feature
ch2_ohr_ncp_20250516T1540191774_d_img_d18_x11520_y39040.png,ch2_ohr_ncp_20250516T1540191774_d_img_d18,60.516293,355.619878,95.126,0.0,0.2853,0,No target feature
ch2_ohr_ncp_20250516T1540191774_d_img_d18_x11520_y42240.png,ch2_ohr_ncp_20250516T1540191774_d_img_d18,60.486832,355.615077,95.083,0.0,0.2851,0,No target feature
ch2_ohr_ncp_20250516T1540191774_d_img_d18_x11520_y72320.png,ch2_ohr_ncp_20250516T1540191774_d_img_d18,60.209934,355.570302,95.09,0.0,0.2851,0,No target feature
ch2_ohr_ncp_20250612T2031048828_d_img_d18_x11520_y48000.png,ch2_ohr_ncp_20250612T2031048828_d_img_d18,60.504782,355.491381,95.062,0.0,0.285,0,No target feature
ch2_ohr_ncp_20250516T1342347288_d_img_d18_x11520_y53760.png,ch2_ohr_ncp_20250516T1342347288_d_img_d18,60.346799,355.564213,95.075,0.0,0.285,0,No target feature
ch2_ohr_ncp_20250516T1342347288_d_img_d18_x11520_y62720.png,ch2_ohr_ncp_20250516T1342347288_d_img_d18,60.264334,355.553902,95.075,0.0,0.285,0,No target feature
ch2_ohr_ncp_20250612T2031048828_d_img_d18_x11520_y21120.png,ch2_ohr_ncp_20250612T2031048828_d_img_d18,60.782851,355.517935,95.05,0.0,0.2849,0,No target feature
ch2_ohr_ncp_20250516T1145499313_d_img_d18_x11520_y52480.png,ch2_ohr_ncp_20250516T1145499313_d_img_d18,60.37599,355.593187,95.047,0.0,0.2849,0,No target feature
ch2_ohr_ncp_20250516T1145499313_d_img_d18_x11520_y71040.png,ch2_ohr_ncp_20250516T1145499313_d_img_d18,60.204671,355.577597,95.039,0.0,0.2849,0,No target feature
ch2_ohr_ncp_20250516T0948068899_d_img_d18_x11520_y51200.png,ch2_ohr_ncp_20250516T0948068899_d_img_d18,60.402643,355.577672,95.021,0.0,0.2848,0,No target feature
ch2_ohr_ncp_20250516T1342347288_d_img_d18_x11520_y57600.png,ch2_ohr_ncp_20250516T1342347288_d_img_d18,60.311454,355.55978,95.022,0.0,0.2848,0,No target feature
ch2_ohr_ncp_20250612T2229094979_d_img_d18_x11520_y22400.png,ch2_ohr_ncp_20250612T2229094979_d_img_d18,60.792377,355.557188,95.034,0.0,0.2848,0,No target feature
ch2_ohr_ncp_20250516T1342347288_d_img_d18_x11520_y86400.png,ch2_ohr_ncp_20250516T1342347288_d_img_d18,60.04639,355.526885,94.981,0.0,0.2846,0,No target feature
ch2_ohr_ncp_20250516T1540191774_d_img_d18_x11520_y52480.png,ch2_ohr_ncp_20250516T1540191774_d_img_d18,60.392572,355.599764,94.991,0.0,0.2846,0,No target feature
ch2_ohr_ncp_20250516T0948068899_d_img_d18_x11520_y82560.png,ch2_ohr_ncp_20250516T0948068899_d_img_d18,60.113488,355.561756,94.978,0.0,0.2845,0,No target feature
ch2_ohr_ncp_20250612T2031048828_d_img_d18_x11520_y40320.png,ch2_ohr_ncp_20250612T2031048828_d_img_d18,60.584226,355.498926,94.974,0.0,0.2845,0,No target feature
ch2_ohr_ncp_20250516T1342347288_d_img_d18_x11520_y61440.png,ch2_ohr_ncp_20250516T1342347288_d_img_d18,60.276116,355.555361,94.964,0.0,0.2845,0,No target feature
ch2_ohr_ncp_20250516T1540191774_d_img_d18_x11520_y59520.png,ch2_ohr_ncp_20250516T1540191774_d_img_d18,60.327762,355.589274,94.973,0.0,0.2845,0,No target feature
ch2_ohr_ncp_20250612T2229094979_d_img_d18_x11520_y33280.png,ch2_ohr_ncp_20250612T2229094979_d_img_d18,60.6802,355.542375,94.978,0.0,0.2845,0,No target feature
ch2_ohr_ncp_20250612T2031048828_d_img_d18_x11520_y63360.png,ch2_ohr_ncp_20250612T2031048828_d_img_d18,60.345892,355.476372,94.955,0.0,0.2844,0,No target feature
ch2_ohr_ncp_20250516T1342347288_d_img_d18_x11520_y65280.png,ch2_ohr_ncp_20250516T1342347288_d_img_d18,60.240768,355.550956,94.955,0.0,0.2844,0,No target feature
ch2_ohr_ncp_20250516T1540191774_d_img_d18_x11520_y69120.png,ch2_ohr_ncp_20250516T1540191774_d_img_d18,60.239387,355.574999,94.941,0.0,0.2844,0,No target feature
ch2_ohr_ncp_20190906T2241285714_d_img_gds_x11520_y64640.png,ch2_ohr_ncp_20190906T2241285714_d_img_gds,-71.097261,22.901128,94.936,0.0,0.2843,0,No target feature
ch2_ohr_ncp_20250516T1540191774_d_img_d18_x11520_y60160.png,ch2_ohr_ncp_20250516T1540191774_d_img_d18,60.321873,355.588313,94.925,0.0,0.2843,0,No target feature
ch2_ohr_ncp_20250516T1145499313_d_img_d18_x11520_y63360.png,ch2_ohr_ncp_20250516T1145499313_d_img_d18,60.275557,355.584022,94.915,0.0,0.2842,0,No target feature
ch2_ohr_ncp_20250516T1145499313_d_img_d18_x11520_y65920.png,ch2_ohr_ncp_20250516T1145499313_d_img_d18,60.251927,355.58189,94.916,0.0,0.2842,0,No target feature
ch2_ohr_ncp_20250516T1540191774_d_img_d18_x11520_y03200.png,ch2_ohr_ncp_20250516T1540191774_d_img_d18,60.846175,355.674277,94.917,0.0,0.2842,0,No target feature
ch2_ohr_ncp_20250516T1540191774_d_img_d18_x11520_y65920.png,ch2_ohr_ncp_20250516T1540191774_d_img_d18,60.268849,355.579757,94.908,0.0,0.2842,0,No target feature
ch2_ohr_ncp_20250516T0948068899_d_img_d18_x11520_y48000.png,ch2_ohr_ncp_20250516T0948068899_d_img_d18,60.432144,355.579326,94.901,0.0,0.2841,0,No target feature
ch2_ohr_ncp_20250516T0948068899_d_img_d18_x11520_y73600.png,ch2_ohr_ncp_20250516T0948068899_d_img_d18,60.1961,355.566255,94.892,0.0,0.2841,0,No target feature
ch2_ohr_ncp_20250516T1145499313_d_img_d18_x11520_y49280.png,ch2_ohr_ncp_20250516T1145499313_d_img_d18,60.405521,355.595892,94.882,0.0,0.2841,0,No target feature
ch2_ohr_ncp_20250516T1540191774_d_img_d18_x11520_y66560.png,ch2_ohr_ncp_20250516T1540191774_d_img_d18,60.262964,355.578814,94.891,0.0,0.2841,0,No target feature
ch2_ohr_ncp_20250516T1342347288_d_img_d18_x11520_y70400.png,ch2_ohr_ncp_20250516T1342347288_d_img_d18,60.193652,355.545094,94.874,0.0,0.284,0,No target feature
ch2_ohr_ncp_20250516T1145499313_d_img_d18_x11520_y62080.png,ch2_ohr_ncp_20250516T1145499313_d_img_d18,60.287371,355.585111,94.859,0.0,0.2839,0,No target feature
ch2_ohr_ncp_20250516T1540191774_d_img_d18_x11520_y63360.png,ch2_ohr_ncp_20250516T1540191774_d_img_d18,60.292415,355.583562,94.857,0.0,0.2839,0,No target feature
ch2_ohr_ncp_20250516T1342347288_d_img_d18_x11520_y74880.png,ch2_ohr_ncp_20250516T1342347288_d_img_d18,60.152419,355.539991,94.829,0.0,0.2838,0,No target feature
ch2_ohr_ncp_20250516T1540191774_d_img_d18_x11520_y51200.png,ch2_ohr_ncp_20250516T1540191774_d_img_d18,60.404356,355.601659,94.836,0.0,0.2838,0,No target feature
ch2_ohr_ncp_20250612T2031048828_d_img_d18_x11520_y32640.png,ch2_ohr_ncp_20250612T2031048828_d_img_d18,60.663677,355.506497,94.815,0.0,0.2837,0,No target feature
ch2_ohr_ncp_20250516T0948068899_d_img_d18_x11520_y79360.png,ch2_ohr_ncp_20250516T0948068899_d_img_d18,60.142991,355.563349,94.794,0.0,0.2836,0,No target feature
ch2_ohr_ncp_20250516T1145499313_d_img_d18_x11520_y00640.png,ch2_ohr_ncp_20250516T1145499313_d_img_d18,60.854449,355.637654,94.796,0.0,0.2836,0,No target feature
ch2_ohr_ncp_20250516T1540191774_d_img_d18_x11520_y78720.png,ch2_ohr_ncp_20250516T1540191774_d_img_d18,60.151016,355.560871,94.785,0.0,0.2836,0,No target feature
ch2_ohr_ncp_20250612T2229094979_d_img_d18_x11520_y24320.png,ch2_ohr_ncp_20250612T2229094979_d_img_d18,60.772586,355.554565,94.772,0.0,0.2835,0,No target feature
ch2_ohr_ncp_20250612T2031048828_d_img_d18_x11520_y06400.png,ch2_ohr_ncp_20250612T2031048828_d_img_d18,60.935138,355.532638,94.758,0.0,0.2834,0,No target feature
ch2_ohr_ncp_20250516T1540191774_d_img_d18_x11520_y17920.png,ch2_ohr_ncp_20250516T1540191774_d_img_d18,60.710694,355.651796,94.762,0.0,0.2834,0,No target feature
ch2_ohr_ncp_20250516T1540191774_d_img_d18_x11520_y40320.png,ch2_ohr_ncp_20250516T1540191774_d_img_d18,60.504502,355.617955,94.706,0.0,0.2832,0,No target feature
ch2_ohr_ncp_20250516T1540191774_d_img_d18_x11520_y44800.png,ch2_ohr_ncp_20250516T1540191774_d_img_d18,60.463271,355.611256,94.712,0.0,0.2832,0,No target feature
ch2_ohr_ncp_20250612T2229094979_d_img_d18_x11520_y52480.png,ch2_ohr_ncp_20250612T2229094979_d_img_d18,60.482243,355.516537,94.714,0.0,0.2832,0,No target feature
ch2_ohr_ncp_20250612T2229094979_d_img_d18_x11520_y29440.png,ch2_ohr_ncp_20250612T2229094979_d_img_d18,60.71979,355.547579,94.694,0.0,0.2831,0,No target feature
ch2_ohr_ncp_20250516T1342347288_d_img_d18_x11520_y69120.png,ch2_ohr_ncp_20250516T1342347288_d_img_d18,60.205432,355.546564,94.681,0.0,0.283,0,No target feature
ch2_ohr_ncp_20250516T1145499313_d_img_d18_x11520_y72320.png,ch2_ohr_ncp_20250516T1145499313_d_img_d18,60.192848,355.576523,94.651,0.0,0.2829,0,No target feature
ch2_ohr_ncp_20250516T1540191774_d_img_d18_x11520_y02560.png,ch2_ohr_ncp_20250516T1540191774_d_img_d18,60.852067,355.675252,94.665,0.0,0.2829,0,No target feature
ch2_ohr_ncp_20250612T2031048828_d_img_d18_x11520_y76160.png,ch2_ohr_ncp_20250612T2031048828_d_img_d18,60.213475,355.463968,94.632,0.0,0.2828,0,No target feature
ch2_ohr_ncp_20250516T1540191774_d_img_d18_x11520_y33920.png,ch2_ohr_ncp_20250516T1540191774_d_img_d18,60.563417,355.627587,94.63,0.0,0.2828,0,No target feature
ch2_ohr_ncp_20250516T1342347288_d_img_d18_x11520_y51200.png,ch2_ohr_ncp_20250516T1342347288_d_img_d18,60.370359,355.567171,94.619,0.0,0.2827,0,No target feature
ch2_ohr_ncp_20250516T1342347288_d_img_d18_x11520_y79360.png,ch2_ohr_ncp_20250516T1342347288_d_img_d18,60.111183,355.534882,94.609,0.0,0.2827,0,No target feature
ch2_ohr_ncp_20250516T0948068899_d_img_d18_x11520_y65280.png,ch2_ohr_ncp_20250516T0948068899_d_img_d18,60.272813,355.570449,94.59,0.0,0.2826,0,No target feature
ch2_ohr_ncp_20250516T1145499313_d_img_d18_x11520_y11520.png,ch2_ohr_ncp_20250516T1145499313_d_img_d18,60.754034,355.628207,94.594,0.0,0.2826,0,No target feature
ch2_ohr_ncp_20250516T1145499313_d_img_d18_x11520_y28160.png,ch2_ohr_ncp_20250516T1145499313_d_img_d18,60.600452,355.61387,94.589,0.0,0.2826,0,No target feature
ch2_ohr_ncp_20250516T1342347288_d_img_d18_x11520_y44800.png,ch2_ohr_ncp_20250516T1342347288_d_img_d18,60.42926,355.574571,94.601,0.0,0.2826,0,No target feature
ch2_ohr_ncp_20250612T2031048828_d_img_d18_x11520_y27520.png,ch2_ohr_ncp_20250612T2031048828_d_img_d18,60.71664,355.511585,94.576,0.0,0.2825,0,No target feature
ch2_ohr_ncp_20250516T1342347288_d_img_d18_x11520_y46720.png,ch2_ohr_ncp_20250516T1342347288_d_img_d18,60.411589,355.572349,94.563,0.0,0.2824,0,No target feature
ch2_ohr_ncp_20250516T1540191774_d_img_d18_x11520_y53760.png,ch2_ohr_ncp_20250516T1540191774_d_img_d18,60.380781,355.597867,94.563,0.0,0.2824,0,No target feature
ch2_ohr_ncp_20240425T1603031918_d_img_d18_x11520_y88960.png,ch2_ohr_ncp_20240425T1603031918_d_img_d18,-69.81551,32.475775,94.539,0.0,0.2823,0,No target feature
ch2_ohr_ncp_20250516T1145499313_d_img_d18_x11520_y45440.png,ch2_ohr_ncp_20250516T1145499313_d_img_d18,60.440963,355.59915,94.521,0.0,0.2822,0,No target feature
ch2_ohr_ncp_20250516T1540191774_d_img_d18_x11520_y35200.png,ch2_ohr_ncp_20250516T1540191774_d_img_d18,60.55164,355.625648,94.527,0.0,0.2822,0,No target feature
ch2_ohr_ncp_20250516T1540191774_d_img_d18_x11520_y48640.png,ch2_ohr_ncp_20250516T1540191774_d_img_d18,60.427922,355.605503,94.512,0.0,0.2822,0,No target feature
ch2_ohr_ncp_20250612T2229094979_d_img_d18_x11520_y58880.png,ch2_ohr_ncp_20250612T2229094979_d_img_d18,60.416254,355.508052,94.522,0.0,0.2822,0,No target feature
ch2_ohr_ncp_20250516T1145499313_d_img_d18_x11520_y00000.png,ch2_ohr_ncp_20250516T1145499313_d_img_d18,60.860355,355.638194,94.475,0.0,0.282,0,No target feature
ch2_ohr_ncp_20250516T1342347288_d_img_d18_x11520_y40960.png,ch2_ohr_ncp_20250516T1342347288_d_img_d18,60.464597,355.579018,94.481,0.0,0.282,0,No target feature
ch2_ohr_ncp_20250516T1540191774_d_img_d18_x11520_y26240.png,ch2_ohr_ncp_20250516T1540191774_d_img_d18,60.634108,355.639176,94.487,0.0,0.282,0,No target feature
ch2_ohr_ncp_20250516T1540191774_d_img_d18_x11520_y77440.png,ch2_ohr_ncp_20250516T1540191774_d_img_d18,60.162798,355.562762,94.472,0.0,0.282,0,No target feature
ch2_ohr_ncp_20250612T2229094979_d_img_d18_x11520_y18560.png,ch2_ohr_ncp_20250612T2229094979_d_img_d18,60.831966,355.562445,94.487,0.0,0.282,0,No target feature
ch2_ohr_ncp_20250516T0948068899_d_img_d18_x11520_y23680.png,ch2_ohr_ncp_20250516T0948068899_d_img_d18,60.65638,355.592044,94.468,0.0,0.2819,0,No target feature
ch2_ohr_ncp_20250516T0948068899_d_img_d18_x11520_y76800.png,ch2_ohr_ncp_20250516T0948068899_d_img_d18,60.166595,355.564631,94.455,0.0,0.2819,0,No target feature
ch2_ohr_ncp_20250516T1342347288_d_img_d18_x11520_y40320.png,ch2_ohr_ncp_20250516T1342347288_d_img_d18,60.470494,355.579758,94.458,0.0,0.2819,0,No target feature
ch2_ohr_ncp_20250516T0948068899_d_img_d18_x11520_y08960.png,ch2_ohr_ncp_20250516T0948068899_d_img_d18,60.792089,355.599895,94.436,0.0,0.2818,0,No target feature
ch2_ohr_ncp_20250516T0948068899_d_img_d18_x11520_y21760.png,ch2_ohr_ncp_20250516T0948068899_d_img_d18,60.674082,355.593063,94.447,0.0,0.2818,0,No target feature
ch2_ohr_ncp_20250516T0948068899_d_img_d18_x11520_y57600.png,ch2_ohr_ncp_20250516T0948068899_d_img_d18,60.343633,355.574391,94.45,0.0,0.2818,0,No target feature
ch2_ohr_ncp_20250516T1145499313_d_img_d18_x11520_y47360.png,ch2_ohr_ncp_20250516T1145499313_d_img_d18,60.42324,355.597514,94.436,0.0,0.2818,0,No target feature
ch2_ohr_ncp_20250516T1145499313_d_img_d18_x11520_y58240.png,ch2_ohr_ncp_20250516T1145499313_d_img_d18,60.322821,355.588349,94.433,0.0,0.2818,0,No target feature
ch2_ohr_ncp_20250612T2031048828_d_img_d18_x11520_y30080.png,ch2_ohr_ncp_20250612T2031048828_d_img_d18,60.690164,355.509053,94.412,0.0,0.2817,0,No target feature
ch2_ohr_ncp_20250516T1342347288_d_img_d18_x11520_y85760.png,ch2_ohr_ncp_20250516T1342347288_d_img_d18,60.052283,355.527617,94.431,0.0,0.2817,0,No target feature
ch2_ohr_ncp_20250612T2229094979_d_img_d18_x11520_y09600.png,ch2_ohr_ncp_20250612T2229094979_d_img_d18,60.924323,355.574816,94.419,0.0,0.2817,0,No target feature
ch2_ohr_ncp_20250516T1342347288_d_img_d18_x11520_y58880.png,ch2_ohr_ncp_20250516T1342347288_d_img_d18,60.299674,355.558316,94.394,0.0,0.2816,0,No target feature
ch2_ohr_ncp_20250612T2031048828_d_img_d18_x11520_y26240.png,ch2_ohr_ncp_20250612T2031048828_d_img_d18,60.729878,355.512845,94.375,0.0,0.2815,0,No target feature
ch2_ohr_ncp_20250516T1540191774_d_img_d18_x11520_y07040.png,ch2_ohr_ncp_20250516T1540191774_d_img_d18,60.810832,355.668394,94.384,0.0,0.2815,0,No target feature
ch2_ohr_ncp_20250516T1145499313_d_img_d18_x11520_y03200.png,ch2_ohr_ncp_20250516T1145499313_d_img_d18,60.830823,355.635426,94.362,0.0,0.2814,0,No target feature
ch2_ohr_ncp_20250516T1145499313_d_img_d18_x11520_y51840.png,ch2_ohr_ncp_20250516T1145499313_d_img_d18,60.381894,355.593731,94.347,0.0,0.2813,0,No target feature
ch2_ohr_ncp_20250516T1540191774_d_img_d18_x11520_y24960.png,ch2_ohr_ncp_20250516T1540191774_d_img_d18,60.645886,355.641119,94.336,0.0,0.2813,0,No target feature
ch2_ohr_ncp_20250516T0948068899_d_img_d18_x11520_y27520.png,ch2_ohr_ncp_20250516T0948068899_d_img_d18,60.620969,355.590023,94.32,0.0,0.2812,0,No target feature
ch2_ohr_ncp_20250516T1540191774_d_img_d18_x11520_y19840.png,ch2_ohr_ncp_20250516T1540191774_d_img_d18,60.69302,355.648883,94.318,0.0,0.2812,0,No target feature
ch2_ohr_ncp_20250516T1540191774_d_img_d18_x11520_y24320.png,ch2_ohr_ncp_20250516T1540191774_d_img_d18,60.651779,355.642076,94.323,0.0,0.2812,0,No target feature
ch2_ohr_ncp_20250516T0948068899_d_img_d18_x11520_y74880.png,ch2_ohr_ncp_20250516T0948068899_d_img_d18,60.184297,355.565611,94.297,0.0,0.2811,0,No target feature
ch2_ohr_ncp_20250612T2031048828_d_img_d18_x11520_y20480.png,ch2_ohr_ncp_20250612T2031048828_d_img_d18,60.789478,355.518586,94.299,0.0,0.2811,0,No target feature
ch2_ohr_ncp_20250516T1342347288_d_img_d18_x11520_y68480.png,ch2_ohr_ncp_20250516T1342347288_d_img_d18,60.211317,355.547293,94.313,0.0,0.2811,0,No target feature
ch2_ohr_ncp_20250516T0948068899_d_img_d18_x11520_y19200.png,ch2_ohr_ncp_20250516T0948068899_d_img_d18,60.697681,355.594416,94.277,0.0,0.281,0,No target feature
ch2_ohr_ncp_20250612T2031048828_d_img_d18_x11520_y25600.png,ch2_ohr_ncp_20250612T2031048828_d_img_d18,60.736503,355.513496,94.294,0.0,0.281,0,No target feature
ch2_ohr_ncp_20250612T2031048828_d_img_d18_x11520_y60800.png,ch2_ohr_ncp_20250612T2031048828_d_img_d18,60.372374,355.478876,94.277,0.0,0.281,0,No target feature
ch2_ohr_ncp_20250516T1145499313_d_img_d18_x11520_y48640.png,ch2_ohr_ncp_20250516T1145499313_d_img_d18,60.411427,355.596426,94.279,0.0,0.281,0,No target feature
ch2_ohr_ncp_20190907T0438126359_d_img_g26_x10880_y14720.png,ch2_ohr_ncp_20190907T0438126359_d_img_g26,-70.654935,22.831456,94.257,0.0,0.2809,0,No target feature
ch2_ohr_ncp_20250516T0948068899_d_img_d18_x11520_y64640.png,ch2_ohr_ncp_20250516T0948068899_d_img_d18,60.278711,355.57079,94.24,0.0,0.2808,0,No target feature
ch2_ohr_ncp_20250612T2031048828_d_img_d18_x11520_y24320.png,ch2_ohr_ncp_20250612T2031048828_d_img_d18,60.749747,355.51476,94.243,0.0,0.2808,0,No target feature
ch2_ohr_ncp_20250516T1145499313_d_img_d18_x11520_y53760.png,ch2_ohr_ncp_20250516T1145499313_d_img_d18,60.364173,355.592118,94.241,0.0,0.2808,0,No target feature
ch2_ohr_ncp_20250612T2229094979_d_img_d18_x11520_y12800.png,ch2_ohr_ncp_20250612T2229094979_d_img_d18,60.891338,355.570381,94.252,0.0,0.2808,0,No target feature
ch2_ohr_ncp_20250516T1145499313_d_img_d18_x11520_y88960.png,ch2_ohr_ncp_20250516T1145499313_d_img_d18,60.039249,355.562741,94.216,0.0,0.2807,0,No target feature
ch2_ohr_ncp_20250516T0948068899_d_img_d18_x11520_y12800.png,ch2_ohr_ncp_20250516T0948068899_d_img_d18,60.756694,355.597833,94.209,0.0,0.2806,0,No target feature
ch2_ohr_ncp_20250516T0948068899_d_img_d18_x11520_y53760.png,ch2_ohr_ncp_20250516T0948068899_d_img_d18,60.379038,355.576361,94.202,0.0,0.2806,0,No target feature
ch2_ohr_ncp_20250516T0948068899_d_img_d18_x11520_y49280.png,ch2_ohr_ncp_20250516T0948068899_d_img_d18,60.420343,355.578653,94.189,0.0,0.2805,0,No target feature
ch2_ohr_ncp_20250612T2031048828_d_img_d18_x11520_y26880.png,ch2_ohr_ncp_20250612T2031048828_d_img_d18,60.723263,355.51223,94.169,0.0,0.2804,0,No target feature
ch2_ohr_ncp_20250612T2031048828_d_img_d18_x11520_y77440.png,ch2_ohr_ncp_20250612T2031048828_d_img_d18,60.200234,355.462738,94.172,0.0,0.2804,0,No target feature
ch2_ohr_ncp_20250516T1145499313_d_img_d18_x11520_y01920.png,ch2_ohr_ncp_20250516T1145499313_d_img_d18,60.842636,355.636537,94.161,0.0,0.2804,0,No target feature
ch2_ohr_ncp_20250516T1145499313_d_img_d18_x11520_y72960.png,ch2_ohr_ncp_20250516T1145499313_d_img_d18,60.186947,355.575991,94.162,0.0,0.2804,0,No target feature
ch2_ohr_ncp_20250516T1342347288_d_img_d18_x11520_y47360.png,ch2_ohr_ncp_20250516T1342347288_d_img_d18,60.405697,355.571603,94.163,0.0,0.2804,0,No target feature
ch2_ohr_ncp_20250516T1342347288_d_img_d18_x11520_y56960.png,ch2_ohr_ncp_20250516T1342347288_d_img_d18,60.317346,355.560526,94.166,0.0,0.2804,0,No target feature
ch2_ohr_ncp_20190907T0438126359_d_img_g26_x01280_y93440.png,ch2_ohr_ncp_20190907T0438126359_d_img_g26,-71.367872,22.705745,94.136,0.0,0.2802,0,No target feature
ch2_ohr_ncp_20240425T1209509264_d_img_d18_x04480_y82560.png,ch2_ohr_ncp_20240425T1209509264_d_img_d18,-69.751676,32.26124,94.124,0.0,0.2802,0,No target feature
ch2_ohr_ncp_20240425T1209509264_d_img_d18_x10240_y93440.png,ch2_ohr_ncp_20240425T1209509264_d_img_d18,-69.850762,32.393562,94.122,0.0,0.2802,0,No target feature
ch2_ohr_ncp_20250516T1145499313_d_img_d18_x11520_y75520.png,ch2_ohr_ncp_20250516T1145499313_d_img_d18,60.163313,355.573857,94.131,0.0,0.2802,0,No target feature
ch2_ohr_ncp_20250516T1342347288_d_img_d18_x11520_y28160.png,ch2_ohr_ncp_20250516T1342347288_d_img_d18,60.582392,355.593918,94.132,0.0,0.2802,0,No target feature
ch2_ohr_ncp_20250516T1342347288_d_img_d18_x11520_y30080.png,ch2_ohr_ncp_20250516T1342347288_d_img_d18,60.564723,355.591672,94.124,0.0,0.2802,0,No target feature
ch2_ohr_ncp_20250516T1342347288_d_img_d18_x11520_y75520.png,ch2_ohr_ncp_20250516T1342347288_d_img_d18,60.146521,355.539257,94.127,0.0,0.2802,0,No target feature
ch2_ohr_ncp_20250516T1145499313_d_img_d18_x11520_y25600.png,ch2_ohr_ncp_20250516T1145499313_d_img_d18,60.624076,355.61607,94.083,0.0,0.28,0,No target feature
ch2_ohr_ncp_20250516T1342347288_d_img_d18_x11520_y16000.png,ch2_ohr_ncp_20250516T1342347288_d_img_d18,60.69429,355.608186,94.089,0.0,0.28,0,No target feature
ch2_ohr_ncp_20250516T1342347288_d_img_d18_x11520_y31360.png,ch2_ohr_ncp_20250516T1342347288_d_img_d18,60.552945,355.590172,94.084,0.0,0.28,0,No target feature
ch2_ohr_ncp_20250516T1342347288_d_img_d18_x11520_y84480.png,ch2_ohr_ncp_20250516T1342347288_d_img_d18,60.064061,355.52906,94.084,0.0,0.28,0,No target feature
ch2_ohr_ncp_20250516T1145499313_d_img_d18_x11520_y64640.png,ch2_ohr_ncp_20250516T1145499313_d_img_d18,60.263745,355.582956,94.068,0.0,0.2799,0,No target feature
ch2_ohr_ncp_20250516T1540191774_d_img_d18_x11520_y16000.png,ch2_ohr_ncp_20250516T1540191774_d_img_d18,60.728364,355.654714,94.077,0.0,0.2799,0,No target feature
ch2_ohr_ncp_20250516T0948068899_d_img_d18_x11520_y78080.png,ch2_ohr_ncp_20250516T0948068899_d_img_d18,60.154785,355.563991,94.043,0.0,0.2798,0,No target feature
ch2_ohr_ncp_20250612T2031048828_d_img_d18_x11520_y67200.png,ch2_ohr_ncp_20250612T2031048828_d_img_d18,60.306167,355.472642,94.042,0.0,0.2798,0,No target feature
ch2_ohr_ncp_20250516T1145499313_d_img_d18_x11520_y49920.png,ch2_ohr_ncp_20250516T1145499313_d_img_d18,60.399618,355.59535,94.049,0.0,0.2798,0,No target feature
ch2_ohr_ncp_20250516T1342347288_d_img_d18_x11520_y80640.png,ch2_ohr_ncp_20250516T1342347288_d_img_d18,60.0994,355.533442,94.039,0.0,0.2797,0,No target feature
ch2_ohr_ncp_20250516T1540191774_d_img_d18_x11520_y04480.png,ch2_ohr_ncp_20250516T1540191774_d_img_d18,60.834401,355.672301,94.029,0.0,0.2797,0,No target feature
ch2_ohr_ncp_20250516T1145499313_d_img_d18_x11520_y67200.png,ch2_ohr_ncp_20250516T1145499313_d_img_d18,60.240117,355.580811,94.007,0.0,0.2796,0,No target feature
ch2_ohr_ncp_20250516T1342347288_d_img_d18_x11520_y50560.png,ch2_ohr_ncp_20250516T1342347288_d_img_d18,60.376246,355.56791,94.02,0.0,0.2796,0,No target feature
ch2_ohr_ncp_20250516T1540191774_d_img_d18_x11520_y12160.png,ch2_ohr_ncp_20250516T1540191774_d_img_d18,60.763712,355.660574,94.015,0.0,0.2796,0,No target feature
ch2_ohr_ncp_20250516T0948068899_d_img_d18_x11520_y09600.png,ch2_ohr_ncp_20250516T0948068899_d_img_d18,60.786194,355.599543,93.987,0.0,0.2795,0,No target feature
ch2_ohr_ncp_20250516T0948068899_d_img_d18_x11520_y56960.png,ch2_ohr_ncp_20250516T0948068899_d_img_d18,60.349533,355.574705,93.999,0.0,0.2795,0,No target feature
ch2_ohr_ncp_20240425T1406019344_d_img_d18_x05120_y93440.png,ch2_ohr_ncp_20240425T1406019344_d_img_d18,-69.833484,32.279494,93.988,0.0,0.2795,0,No target feature
ch2_ohr_ncp_20250516T1342347288_d_img_d18_x11520_y24960.png,ch2_ohr_ncp_20250516T1342347288_d_img_d18,60.611833,355.597672,93.99,0.0,0.2795,0,No target feature
ch2_ohr_ncp_20250516T0948068899_d_img_d18_x11520_y65920.png,ch2_ohr_ncp_20250516T0948068899_d_img_d18,60.266916,355.570131,93.978,0.0,0.2794,0,No target feature
ch2_ohr_ncp_20250612T2031048828_d_img_d18_x11520_y37120.png,ch2_ohr_ncp_20250612T2031048828_d_img_d18,60.617324,355.502075,93.963,0.0,0.2794,0,No target feature
ch2_ohr_ncp_20250612T2031048828_d_img_d18_x11520_y44800.png,ch2_ohr_ncp_20250612T2031048828_d_img_d18,60.537889,355.494531,93.964,0.0,0.2794,0,No target feature
ch2_ohr_ncp_20250516T1145499313_d_img_d18_x11520_y39040.png,ch2_ohr_ncp_20250516T1145499313_d_img_d18,60.500033,355.604592,93.954,0.0,0.2793,0,No target feature
ch2_ohr_ncp_20250516T1342347288_d_img_d18_x11520_y10240.png,ch2_ohr_ncp_20250516T1342347288_d_img_d18,60.747296,355.614994,93.951,0.0,0.2793,0,No target feature
ch2_ohr_ncp_20250516T1540191774_d_img_d18_x11520_y11520.png,ch2_ohr_ncp_20250516T1540191774_d_img_d18,60.769592,355.661527,93.951,0.0,0.2793,0,No target feature
ch2_ohr_ncp_20250516T0948068899_d_img_d18_x11520_y33280.png,ch2_ohr_ncp_20250516T0948068899_d_img_d18,60.56786,355.586981,93.929,0.0,0.2792,0,No target feature
ch2_ohr_ncp_20250516T0948068899_d_img_d18_x11520_y49920.png,ch2_ohr_ncp_20250516T0948068899_d_img_d18,60.41444,355.578334,93.936,0.0,0.2792,0,No target feature
ch2_ohr_ncp_20250516T1145499313_d_img_d18_x11520_y69760.png,ch2_ohr_ncp_20250516T1145499313_d_img_d18,60.216479,355.578671,93.938,0.0,0.2792,0,No target feature
ch2_ohr_ncp_20250612T2031048828_d_img_d18_x11520_y07680.png,ch2_ohr_ncp_20250612T2031048828_d_img_d18,60.921894,355.531349,93.908,0.0,0.2791,0,No target feature
ch2_ohr_ncp_20250516T1145499313_d_img_d18_x11520_y80640.png,ch2_ohr_ncp_20250516T1145499313_d_img_d18,60.116049,355.56961,93.917,0.0,0.2791,0,No target feature
ch2_ohr_ncp_20250516T1342347288_d_img_d18_x11520_y64000.png,ch2_ohr_ncp_20250516T1342347288_d_img_d18,60.252552,355.552436,93.918,0.0,0.2791,0,No target feature
ch2_ohr_ncp_20250516T1540191774_d_img_d18_x11520_y51840.png,ch2_ohr_ncp_20250516T1540191774_d_img_d18,60.398457,355.600715,93.905,0.0,0.2791,0,No target feature
ch2_ohr_ncp_20250516T0948068899_d_img_d18_x11520_y50560.png,ch2_ohr_ncp_20250516T0948068899_d_img_d18,60.40854,355.578002,93.901,0.0,0.279,0,No target feature
ch2_ohr_ncp_20250612T2031048828_d_img_d18_x11520_y45440.png,ch2_ohr_ncp_20250612T2031048828_d_img_d18,60.531268,355.493891,93.894,0.0,0.279,0,No target feature
ch2_ohr_ncp_20250516T1145499313_d_img_d18_x11520_y01280.png,ch2_ohr_ncp_20250516T1145499313_d_img_d18,60.848546,355.6371,93.902,0.0,0.279,0,No target feature
ch2_ohr_ncp_20250516T1342347288_d_img_d18_x11520_y64640.png,ch2_ohr_ncp_20250516T1342347288_d_img_d18,60.246659,355.551696,93.896,0.0,0.279,0,No target feature
ch2_ohr_ncp_20250516T1540191774_d_img_d18_x11520_y62720.png,ch2_ohr_ncp_20250516T1540191774_d_img_d18,60.298313,355.584522,93.9,0.0,0.279,0,No target feature
ch2_ohr_ncp_20250516T1145499313_d_img_d18_x11520_y38400.png,ch2_ohr_ncp_20250516T1145499313_d_img_d18,60.505937,355.60513,93.875,0.0,0.2789,0,No target feature
ch2_ohr_ncp_20250516T1540191774_d_img_d18_x11520_y44160.png,ch2_ohr_ncp_20250516T1540191774_d_img_d18,60.469156,355.612198,93.868,0.0,0.2789,0,No target feature
ch2_ohr_ncp_20250516T1540191774_d_img_d18_x11520_y16640.png,ch2_ohr_ncp_20250516T1540191774_d_img_d18,60.72247,355.653729,93.854,0.0,0.2788,0,No target feature
ch2_ohr_ncp_20250516T0948068899_d_img_d18_x11520_y48640.png,ch2_ohr_ncp_20250516T0948068899_d_img_d18,60.426247,355.579008,93.83,0.0,0.2787,0,No target feature
ch2_ohr_ncp_20250516T0948068899_d_img_d18_x11520_y77440.png,ch2_ohr_ncp_20250516T0948068899_d_img_d18,60.160694,355.564332,93.828,0.0,0.2787,0,No target feature
ch2_ohr_ncp_20190907T0438126359_d_img_g26_x10880_y29440.png,ch2_ohr_ncp_20190907T0438126359_d_img_g26,-70.786855,22.86207,93.822,0.0,0.2786,0,No target feature
ch2_ohr_ncp_20250516T0948068899_d_img_d18_x11520_y52480.png,ch2_ohr_ncp_20250516T0948068899_d_img_d18,60.390838,355.577019,93.82,0.0,0.2786,0,No target feature
ch2_ohr_ncp_20250516T1145499313_d_img_d18_x11520_y44160.png,ch2_ohr_ncp_20250516T1145499313_d_img_d18,60.452779,355.60024,93.824,0.0,0.2786,0,No target feature
ch2_ohr_ncp_20250516T1342347288_d_img_d18_x11520_y43520.png,ch2_ohr_ncp_20250516T1342347288_d_img_d18,60.441037,355.576054,93.813,0.0,0.2786,0,No target feature
ch2_ohr_ncp_20250516T1342347288_d_img_d18_x11520_y85120.png,ch2_ohr_ncp_20250516T1342347288_d_img_d18,60.058174,355.528334,93.821,0.0,0.2786,0,No target feature
ch2_ohr_ncp_20250516T0948068899_d_img_d18_x11520_y76160.png,ch2_ohr_ncp_20250516T0948068899_d_img_d18,60.172492,355.56496,93.801,0.0,0.2785,0,No target feature
ch2_ohr_ncp_20250516T1540191774_d_img_d18_x11520_y50560.png,ch2_ohr_ncp_20250516T1540191774_d_img_d18,60.410246,355.602621,93.798,0.0,0.2785,0,No target feature
ch2_ohr_ncp_20250516T0948068899_d_img_d18_x11520_y46720.png,ch2_ohr_ncp_20250516T0948068899_d_img_d18,60.443946,355.579995,93.768,0.0,0.2784,0,No target feature
ch2_ohr_ncp_20250516T1145499313_d_img_d18_x11520_y67840.png,ch2_ohr_ncp_20250516T1145499313_d_img_d18,60.234204,355.580292,93.78,0.0,0.2784,0,No target feature
ch2_ohr_ncp_20250516T0948068899_d_img_d18_x11520_y26240.png,ch2_ohr_ncp_20250516T0948068899_d_img_d18,60.632775,355.590696,93.75,0.0,0.2783,0,No target feature
ch2_ohr_ncp_20250612T2031048828_d_img_d18_x11520_y12160.png,ch2_ohr_ncp_20250612T2031048828_d_img_d18,60.875539,355.526863,93.763,0.0,0.2783,0,No target feature
ch2_ohr_ncp_20250516T1145499313_d_img_d18_x11520_y21120.png,ch2_ohr_ncp_20250516T1145499313_d_img_d18,60.665425,355.619928,93.756,0.0,0.2783,0,No target feature
ch2_ohr_ncp_20250516T1342347288_d_img_d18_x11520_y44160.png,ch2_ohr_ncp_20250516T1342347288_d_img_d18,60.435148,355.575317,93.749,0.0,0.2783,0,No target feature
ch2_ohr_ncp_20250516T1342347288_d_img_d18_x11520_y76160.png,ch2_ohr_ncp_20250516T1342347288_d_img_d18,60.140636,355.538523,93.751,0.0,0.2783,0,No target feature
ch2_ohr_ncp_20250516T1342347288_d_img_d18_x11520_y83840.png,ch2_ohr_ncp_20250516T1342347288_d_img_d18,60.069958,355.529796,93.748,0.0,0.2783,0,No target feature
ch2_ohr_ncp_20250516T1540191774_d_img_d18_x11520_y67200.png,ch2_ohr_ncp_20250516T1540191774_d_img_d18,60.257063,355.577847,93.751,0.0,0.2783,0,No target feature
ch2_ohr_ncp_20250516T0948068899_d_img_d18_x11520_y60800.png,ch2_ohr_ncp_20250516T0948068899_d_img_d18,60.314126,355.57275,93.743,0.0,0.2782,0,No target feature
ch2_ohr_ncp_20190907T0438126359_d_img_g26_x01920_y93440.png,ch2_ohr_ncp_20190907T0438126359_d_img_g26,-71.367394,22.725156,93.714,0.0,0.2781,0,No target feature
ch2_ohr_ncp_20250516T1342347288_d_img_d18_x11520_y17920.png,ch2_ohr_ncp_20250516T1342347288_d_img_d18,60.676624,355.605925,93.709,0.0,0.2781,0,No target feature
ch2_ohr_ncp_20250516T0948068899_d_img_d18_x11520_y24320.png,ch2_ohr_ncp_20250516T0948068899_d_img_d18,60.650478,355.591707,93.689,0.0,0.278,0,No target feature
ch2_ohr_ncp_20250612T2031048828_d_img_d18_x11520_y22400.png,ch2_ohr_ncp_20250612T2031048828_d_img_d18,60.769612,355.51667,93.695,0.0,0.278,0,No target feature
ch2_ohr_ncp_20250612T2229094979_d_img_d18_x11520_y23680.png,ch2_ohr_ncp_20250612T2229094979_d_img_d18,60.77918,355.555426,93.696,0.0,0.278,0,No target feature
ch2_ohr_ncp_20250516T1342347288_d_img_d18_x11520_y17280.png,ch2_ohr_ncp_20250516T1342347288_d_img_d18,60.682511,355.606686,93.678,0.0,0.2779,0,No target feature
ch2_ohr_ncp_20250516T1342347288_d_img_d18_x11520_y24320.png,ch2_ohr_ncp_20250516T1342347288_d_img_d18,60.617726,355.598418,93.671,0.0,0.2779,0,No target feature
ch2_ohr_ncp_20250516T0948068899_d_img_d18_x11520_y43520.png,ch2_ohr_ncp_20250516T0948068899_d_img_d18,60.473449,355.581647,93.657,0.0,0.2778,0,No target feature
ch2_ohr_ncp_20250516T1145499313_d_img_d18_x11520_y24960.png,ch2_ohr_ncp_20250516T1145499313_d_img_d18,60.629991,355.616627,93.655,0.0,0.2778,0,No target feature
ch2_ohr_ncp_20250516T1342347288_d_img_d18_x11520_y58240.png,ch2_ohr_ncp_20250516T1342347288_d_img_d18,60.305564,355.559043,93.666,0.0,0.2778,0,No target feature
ch2_ohr_ncp_20250516T1145499313_d_img_d18_x11520_y58880.png,ch2_ohr_ncp_20250516T1145499313_d_img_d18,60.316913,355.587814,93.611,0.0,0.2776,0,No target feature
ch2_ohr_ncp_20250516T1540191774_d_img_d18_x11520_y14720.png,ch2_ohr_ncp_20250516T1540191774_d_img_d18,60.740142,355.656651,93.617,0.0,0.2776,0,No target feature
ch2_ohr_ncp_20250516T1342347288_d_img_d18_x11520_y19200.png,ch2_ohr_ncp_20250516T1342347288_d_img_d18,60.664848,355.604434,93.58,0.0,0.2774,0,No target feature
ch2_ohr_ncp_20250516T1145499313_d_img_d18_x11520_y65280.png,ch2_ohr_ncp_20250516T1145499313_d_img_d18,60.257837,355.58242,93.569,0.0,0.2773,0,No target feature
ch2_ohr_ncp_20250516T1342347288_d_img_d18_x11520_y16640.png,ch2_ohr_ncp_20250516T1342347288_d_img_d18,60.688404,355.607433,93.558,0.0,0.2773,0,No target feature
ch2_ohr_ncp_20250516T1540191774_d_img_d18_x11520_y83200.png,ch2_ohr_ncp_20250516T1540191774_d_img_d18,60.109772,355.554298,93.56,0.0,0.2773,0,No target feature
ch2_ohr_ncp_20250612T2229094979_d_img_d18_x11520_y43520.png,ch2_ohr_ncp_20250612T2229094979_d_img_d18,60.574626,355.528546,93.568,0.0,0.2773,0,No target feature
ch2_ohr_ncp_20250612T2031048828_d_img_d18_x11520_y12800.png,ch2_ohr_ncp_20250612T2031048828_d_img_d18,60.868919,355.526228,93.543,0.0,0.2772,0,No target feature
ch2_ohr_ncp_20250612T2031048828_d_img_d18_x09600_y79360.png,ch2_ohr_ncp_20250612T2031048828_d_img_d18,60.180508,355.422521,93.527,0.0,0.2771,0,No target feature
ch2_ohr_ncp_20250516T1342347288_d_img_d18_x11520_y46080.png,ch2_ohr_ncp_20250516T1342347288_d_img_d18,60.41748,355.573095,93.525,0.0,0.2771,0,No target feature
