tile,conf,x1,y1,x2,y2
ch2_ohr_ncp_20211228T2209123959_d_img_d18_x01280_y35200.png,0.2501,206.37,235.0,295.58,285.08
ch2_ohr_ncp_20211228T2209123959_d_img_d18_x01920_y36480.png,0.2342,513.89,611.41,589.12,640.0
ch2_ohr_ncp_20211228T2209123959_d_img_d18_x03200_y40960.png,0.2805,23.86,40.09,30.56,46.92
ch2_ohr_ncp_20211228T2209123959_d_img_d18_x03840_y40320.png,0.2626,581.36,195.66,640.0,245.49
ch2_ohr_ncp_20211228T2209123959_d_img_d18_x03840_y40320.png,0.2074,429.93,611.08,499.52,640.0
ch2_ohr_ncp_20211228T2209123959_d_img_d18_x04480_y40320.png,0.2245,586.01,1.18,640.0,27.84
ch2_ohr_ncp_20211228T2209123959_d_img_d18_x04480_y71680.png,0.2067,0.02,615.14,40.44,640.0
ch2_ohr_ncp_20211228T2209123959_d_img_d18_x06400_y75520.png,0.2108,162.39,0.0,217.79,36.07
ch2_ohr_ncp_20211228T2209123959_d_img_d18_x07040_y39680.png,0.37,187.68,63.54,193.82,69.05
ch2_ohr_ncp_20211228T2209123959_d_img_d18_x08960_y74240.png,0.2159,211.73,499.29,317.55,550.26
ch2_ohr_ncp_20211228T2209123959_d_img_d18_x10880_y76800.png,0.2115,563.54,0.0,617.29,41.04
ch2_ohr_ncp_20240406T0647198831_d_img_d18_x00000_y89600.png,0.229,610.97,626.56,639.66,639.91
ch2_ohr_ncp_20240406T0647198831_d_img_d18_x00640_y20480.png,0.4482,360.18,250.82,364.93,256.83
ch2_ohr_ncp_20240406T0647198831_d_img_d18_x00640_y20480.png,0.2293,397.36,274.08,404.28,280.65
ch2_ohr_ncp_20240406T0647198831_d_img_d18_x00640_y23680.png,0.2106,43.98,7.93,50.74,17.17
ch2_ohr_ncp_20240406T0647198831_d_img_d18_x00640_y25600.png,0.2015,0.01,355.45,4.89,364.17
ch2_ohr_ncp_20240406T0647198831_d_img_d18_x00640_y85760.png,0.3697,579.38,9.56,585.87,14.35
ch2_ohr_ncp_20240406T0647198831_d_img_d18_x00640_y88320.png,0.5863,631.1,226.66,638.3,234.58
ch2_ohr_ncp_20240406T0647198831_d_img_d18_x00640_y88320.png,0.509,606.97,290.0,612.69,296.84
ch2_ohr_ncp_20240406T0647198831_d_img_d18_x01280_y100480.png,0.2037,635.96,155.98,639.74,160.52
ch2_ohr_ncp_20240406T0647198831_d_img_d18_x01280_y92160.png,0.3088,158.16,179.25,164.08,187.76
ch2_ohr_ncp_20240406T0647198831_d_img_d18_x01280_y99840.png,0.573,330.95,73.73,367.52,108.55
ch2_ohr_ncp_20240406T0647198831_d_img_d18_x01280_y99840.png,0.4922,314.06,11.49,335.63,33.18
ch2_ohr_ncp_20240406T0647198831_d_img_d18_x01280_y99840.png,0.3959,375.7,383.37,381.71,391.13
ch2_ohr_ncp_20240406T0647198831_d_img_d18_x01280_y99840.png,0.3888,336.47,75.55,366.53,103.84
ch2_ohr_ncp_20240406T0647198831_d_img_d18_x01280_y99840.png,0.3026,374.87,62.53,390.16,90.13
ch2_ohr_ncp_20240406T0647198831_d_img_d18_x01280_y99840.png,0.299,335.49,70.15,347.45,84.04
ch2_ohr_ncp_20240406T0647198831_d_img_d18_x01280_y99840.png,0.2946,395.19,40.78,401.49,47.78
ch2_ohr_ncp_20240406T0647198831_d_img_d18_x01280_y99840.png,0.2584,310.86,319.0,316.03,325.4
ch2_ohr_ncp_20240406T0647198831_d_img_d18_x01280_y99840.png,0.2164,362.01,190.97,366.52,196.78
ch2_ohr_ncp_20240406T0647198831_d_img_d18_x01920_y21760.png,0.2592,150.79,615.14,155.44,621.22
ch2_ohr_ncp_20240406T0647198831_d_img_d18_x03840_y95360.png,0.3565,441.35,610.97,473.59,639.9
ch2_ohr_ncp_20240406T0647198831_d_img_d18_x03840_y99200.png,0.2462,101.61,595.13,108.31,602.21
ch2_ohr_ncp_20240406T0647198831_d_img_d18_x07040_y94720.png,0.2719,630.42,8.97,636.68,14.54
ch2_ohr_ncp_20240406T0647198831_d_img_d18_x07680_y98560.png,0.2202,577.45,635.84,583.04,639.82
ch2_ohr_ncp_20240406T0647198831_d_img_d18_x08320_y97920.png,0.3899,254.49,14.39,262.29,21.42
ch2_ohr_ncp_20240406T0647198831_d_img_d18_x08960_y94080.png,0.5301,40.87,25.75,45.23,32.8
ch2_ohr_ncp_20240406T0647198831_d_img_d18_x08960_y94080.png,0.479,7.38,0.05,14.42,4.07
ch2_ohr_ncp_20240406T0647198831_d_img_d18_x10240_y92800.png,0.3141,490.26,8.74,496.53,14.06
ch2_ohr_ncp_20240406T0647198831_d_img_d18_x10240_y93440.png,0.352,243.56,57.92,249.23,65.52
ch2_ohr_ncp_20240406T0647198831_d_img_d18_x10240_y93440.png,0.2917,167.32,226.48,173.17,233.99
ch2_ohr_ncp_20240406T0647198831_d_img_d18_x10880_y93440.png,0.2225,571.27,44.0,576.83,50.71
ch2_ohr_ncp_20241111T0516278303_d_img_d18_x01920_y85120.png,0.4806,590.9,358.17,596.8,364.09
ch2_ohr_ncp_20241111T0516278303_d_img_d18_x02560_y80640.png,0.2066,280.43,458.85,339.96,509.02
ch2_ohr_ncp_20241111T0516278303_d_img_d18_x02560_y81280.png,0.2938,624.88,387.62,630.93,394.54
ch2_ohr_ncp_20241111T0516278303_d_img_d18_x02560_y81280.png,0.2787,597.55,449.12,604.33,454.22
ch2_ohr_ncp_20241111T0516278303_d_img_d18_x02560_y82560.png,0.6438,629.2,566.25,639.66,579.96
ch2_ohr_ncp_20241111T0516278303_d_img_d18_x02560_y82560.png,0.4779,500.91,615.42,507.38,622.4
ch2_ohr_ncp_20241111T0516278303_d_img_d18_x02560_y82560.png,0.386,601.53,0.11,607.66,5.77
ch2_ohr_ncp_20241111T0516278303_d_img_d18_x02560_y82560.png,0.3673,541.74,131.99,548.21,138.54
ch2_ohr_ncp_20241111T0516278303_d_img_d18_x02560_y82560.png,0.3397,505.58,347.94,511.0,353.26
ch2_ohr_ncp_20241111T0516278303_d_img_d18_x02560_y82560.png,0.3144,454.82,264.87,460.21,270.11
ch2_ohr_ncp_20241111T0516278303_d_img_d18_x02560_y82560.png,0.2981,571.58,222.73,577.5,228.31
ch2_ohr_ncp_20241111T0516278303_d_img_d18_x02560_y84480.png,0.2563,610.13,283.35,616.3,289.39
ch2_ohr_ncp_20241111T0516278303_d_img_d18_x02560_y85120.png,0.5207,447.05,390.33,452.83,396.21
ch2_ohr_ncp_20241111T0516278303_d_img_d18_x02560_y85120.png,0.3259,324.11,26.11,332.23,33.0
ch2_ohr_ncp_20241111T0516278303_d_img_d18_x02560_y85120.png,0.2983,375.09,32.9,380.04,37.58
ch2_ohr_ncp_20241111T0516278303_d_img_d18_x02560_y85120.png,0.2643,410.51,385.51,420.06,394.63
ch2_ohr_ncp_20241111T0516278303_d_img_d18_x02560_y85120.png,0.2614,409.41,345.88,415.36,355.22
ch2_ohr_ncp_20241111T0516278303_d_img_d18_x02560_y85120.png,0.227,437.0,1.13,444.58,9.43
ch2_ohr_ncp_20241111T0516278303_d_img_d18_x02560_y85760.png,0.3541,557.42,0.06,570.56,4.89
ch2_ohr_ncp_20241111T0516278303_d_img_d18_x02560_y85760.png,0.2869,568.5,15.27,574.11,21.12
ch2_ohr_ncp_20241111T0516278303_d_img_d18_x02560_y85760.png,0.2281,511.95,80.08,518.59,86.74
ch2_ohr_ncp_20241111T0516278303_d_img_d18_x03200_y76160.png,0.3423,605.47,107.36,613.67,115.82
ch2_ohr_ncp_20241111T0516278303_d_img_d18_x03200_y76800.png,0.3513,377.08,634.83,386.43,639.97
ch2_ohr_ncp_20241111T0516278303_d_img_d18_x03200_y79360.png,0.2406,233.28,18.5,244.22,28.58
ch2_ohr_ncp_20241111T0516278303_d_img_d18_x03200_y80640.png,0.4056,520.24,18.02,525.49,23.2
ch2_ohr_ncp_20241111T0516278303_d_img_d18_x03200_y82560.png,0.5046,50.81,37.38,57.15,42.94
ch2_ohr_ncp_20241111T0516278303_d_img_d18_x03200_y82560.png,0.4094,31.89,97.15,36.31,102.22
ch2_ohr_ncp_20241111T0516278303_d_img_d18_x03200_y82560.png,0.3486,57.48,422.06,63.79,428.06
ch2_ohr_ncp_20241111T0516278303_d_img_d18_x03200_y82560.png,0.3313,67.47,438.16,73.12,444.01
ch2_ohr_ncp_20241111T0516278303_d_img_d18_x03200_y82560.png,0.2202,56.0,421.9,63.23,427.6
ch2_ohr_ncp_20241111T0516278303_d_img_d18_x03200_y85120.png,0.2601,19.32,508.91,27.41,516.29
ch2_ohr_ncp_20241111T0516278303_d_img_d18_x03200_y85120.png,0.2129,43.99,446.0,50.3,452.14
ch2_ohr_ncp_20241111T0516278303_d_img_d18_x03200_y85760.png,0.2466,23.98,370.45,30.47,376.56
ch2_ohr_ncp_20241111T0516278303_d_img_d18_x03200_y88320.png,0.4761,632.11,7.55,638.69,15.29
ch2_ohr_ncp_20241111T0516278303_d_img_d18_x03840_y37760.png,0.3047,375.47,0.25,422.92,35.53
ch2_ohr_ncp_20241111T0516278303_d_img_d18_x03840_y73600.png,0.6786,606.2,33.57,613.22,39.26
ch2_ohr_ncp_20241111T0516278303_d_img_d18_x03840_y73600.png,0.2626,633.25,57.11,638.81,62.58
ch2_ohr_ncp_20241111T0516278303_d_img_d18_x03840_y81280.png,0.3362,101.34,389.77,139.23,424.97
ch2_ohr_ncp_20241111T0516278303_d_img_d18_x03840_y88320.png,0.4648,29.85,597.37,36.71,604.04
ch2_ohr_ncp_20241111T0516278303_d_img_d18_x03840_y88320.png,0.3665,30.07,596.0,37.29,603.37
ch2_ohr_ncp_20241111T0516278303_d_img_d18_x03840_y88320.png,0.3387,27.2,498.46,32.76,503.82
ch2_ohr_ncp_20241111T0516278303_d_img_d18_x03840_y88320.png,0.2512,7.52,528.48,20.33,540.89
ch2_ohr_ncp_20241111T0516278303_d_img_d18_x04480_y71040.png,0.4854,262.27,510.69,269.16,516.66
ch2_ohr_ncp_20241111T0516278303_d_img_d18_x04480_y72960.png,0.284,219.5,625.83,225.91,631.92
ch2_ohr_ncp_20241111T0516278303_d_img_d18_x04480_y72960.png,0.2354,209.23,625.9,217.09,633.12
ch2_ohr_ncp_20241111T0516278303_d_img_d18_x04480_y81920.png,0.2731,88.17,0.0,128.4,35.2
ch2_ohr_ncp_20241111T0516278303_d_img_d18_x04480_y82560.png,0.2292,561.17,146.76,565.63,151.37
ch2_ohr_ncp_20241111T0516278303_d_img_d18_x05120_y70400.png,0.2865,72.43,379.3,81.52,386.47
ch2_ohr_ncp_20241111T0516278303_d_img_d18_x05120_y70400.png,0.2794,35.79,403.53,42.04,408.51
ch2_ohr_ncp_20241111T0516278303_d_img_d18_x05120_y70400.png,0.2072,30.65,421.35,36.93,428.98
ch2_ohr_ncp_20241111T0516278303_d_img_d18_x05120_y78080.png,0.2059,538.8,437.54,580.01,485.21
ch2_ohr_ncp_20241111T0516278303_d_img_d18_x05120_y84480.png,0.3063,123.25,21.11,129.68,28.1
ch2_ohr_ncp_20241111T0516278303_d_img_d18_x05120_y84480.png,0.2046,18.6,202.66,24.7,209.03
ch2_ohr_ncp_20241111T0516278303_d_img_d18_x05120_y85120.png,0.4125,126.68,322.84,132.77,328.13
ch2_ohr_ncp_20241111T0516278303_d_img_d18_x05120_y85120.png,0.2315,185.01,378.07,191.26,383.79
ch2_ohr_ncp_20241111T0516278303_d_img_d18_x05760_y68480.png,0.2519,632.77,346.72,639.23,353.31
ch2_ohr_ncp_20241111T0516278303_d_img_d18_x05760_y68480.png,0.238,617.81,264.25,623.4,269.73
ch2_ohr_ncp_20241111T0516278303_d_img_d18_x05760_y69760.png,0.2186,486.48,523.97,493.16,530.64
ch2_ohr_ncp_20241111T0516278303_d_img_d18_x06400_y69760.png,0.2457,629.66,193.73,639.4,203.03
ch2_ohr_ncp_20241111T0516278303_d_img_d18_x06400_y69760.png,0.2172,416.78,6.01,423.93,12.21
ch2_ohr_ncp_20241111T0516278303_d_img_d18_x06400_y77440.png,0.2218,83.87,48.04,89.43,53.49
ch2_ohr_ncp_20241111T0516278303_d_img_d18_x07040_y64640.png,0.326,624.79,533.61,629.62,540.0
ch2_ohr_ncp_20241111T0516278303_d_img_d18_x07040_y64640.png,0.3248,614.68,384.55,621.29,390.69
ch2_ohr_ncp_20241111T0516278303_d_img_d18_x07040_y64640.png,0.2627,630.09,488.18,639.93,504.7
ch2_ohr_ncp_20241111T0516278303_d_img_d18_x07040_y64640.png,0.2541,624.79,532.0,629.56,538.72
ch2_ohr_ncp_20241111T0516278303_d_img_d18_x07040_y65280.png,0.3116,630.24,489.76,638.95,497.76
ch2_ohr_ncp_20241111T0516278303_d_img_d18_x07040_y65920.png,0.3214,633.73,626.04,640.0,637.19
ch2_ohr_ncp_20241111T0516278303_d_img_d18_x07040_y67200.png,0.2733,527.87,618.34,570.7,639.02
ch2_ohr_ncp_20241111T0516278303_d_img_d18_x07040_y75520.png,0.3069,104.2,41.37,109.58,48.36
ch2_ohr_ncp_20241111T0516278303_d_img_d18_x07040_y75520.png,0.2116,0.0,73.07,5.55,85.44
ch2_ohr_ncp_20241111T0516278303_d_img_d18_x08960_y64000.png,0.4499,286.52,30.93,293.28,37.63
ch2_ohr_ncp_20241111T0516278303_d_img_d18_x08960_y64000.png,0.2033,246.13,19.54,253.21,26.12
ch2_ohr_ncp_20241111T0516278303_d_img_d18_x09600_y21120.png,0.2721,275.07,278.47,281.54,285.61
ch2_ohr_ncp_20241111T0516278303_d_img_d18_x09600_y61440.png,0.2928,502.49,628.29,508.36,634.13
ch2_ohr_ncp_20241111T0516278303_d_img_d18_x09600_y62720.png,0.2308,607.38,260.83,640.0,323.66
ch2_ohr_ncp_20241111T0516278303_d_img_d18_x10240_y21760.png,0.2142,399.54,635.65,406.73,639.84
ch2_ohr_ncp_20241111T0516278303_d_img_d18_x10240_y60800.png,0.3581,596.09,634.05,604.78,639.87
ch2_ohr_ncp_20241111T0516278303_d_img_d18_x10880_y66560.png,0.2005,0.02,506.11,5.37,513.49
ch2_ohr_ncp_20241111T0516278303_d_img_d18_x10880_y67200.png,0.2305,27.89,48.96,34.48,55.95
ch2_ohr_ncp_20241111T0516278303_d_img_d18_x11520_y61440.png,0.5394,42.07,34.88,51.32,42.58
ch2_ohr_ncp_20241111T0516278303_d_img_d18_x11520_y61440.png,0.2835,141.97,220.0,148.01,225.99
ch2_ohr_ncp_20241111T0516278303_d_img_d18_x11520_y61440.png,0.2713,98.63,0.0,108.11,4.43
ch2_ohr_ncp_20241111T0516278303_d_img_d18_x11520_y61440.png,0.26,165.92,634.11,174.78,639.89
ch2_ohr_ncp_20241111T0516278303_d_img_d18_x11520_y62080.png,0.2046,148.0,95.44,155.12,101.47
ch2_ohr_ncp_20241111T0516278303_d_img_d18_x11520_y63360.png,0.4121,22.14,392.21,31.97,400.51
ch2_ohr_ncp_20241111T0516278303_d_img_d18_x11520_y64000.png,0.5024,235.87,598.25,243.27,606.07
ch2_ohr_ncp_20241111T0516278303_d_img_d18_x11520_y64000.png,0.4385,45.45,435.79,53.03,442.12
ch2_ohr_ncp_20241111T0516278303_d_img_d18_x11520_y64000.png,0.3638,152.73,349.62,158.9,356.0
ch2_ohr_ncp_20241111T0516278303_d_img_d18_x11520_y64000.png,0.3323,183.63,258.74,192.3,266.4
ch2_ohr_ncp_20241111T0516278303_d_img_d18_x11520_y64000.png,0.2228,1.73,329.32,8.56,335.0
ch2_ohr_ncp_20241111T0516278303_d_img_d18_x11520_y64640.png,0.2695,223.52,327.48,232.56,336.34
ch2_ohr_ncp_20241111T0516278303_d_img_d18_x11520_y64640.png,0.2395,115.99,623.76,127.62,634.35
ch2_ohr_ncp_20241111T0516278303_d_img_d18_x11520_y65920.png,0.423,0.11,190.01,5.92,197.97
ch2_ohr_ncp_20241115T1326321339_d_img_d18_x00640_y67200.png,0.2306,466.92,519.77,495.42,549.16
ch2_ohr_ncp_20241115T1326321339_d_img_d18_x00640_y72960.png,0.3788,19.35,26.38,25.09,31.92
ch2_ohr_ncp_20241115T1326321339_d_img_d18_x01280_y63360.png,0.2078,629.32,1.13,638.26,8.71
ch2_ohr_ncp_20241115T1326321339_d_img_d18_x01280_y67200.png,0.2212,39.93,551.97,50.13,559.49
ch2_ohr_ncp_20241115T1326321339_d_img_d18_x01920_y63360.png,0.2093,374.37,4.53,413.78,43.22
ch2_ohr_ncp_20241115T1326321339_d_img_d18_x01920_y72320.png,0.3793,167.78,454.28,201.27,488.27
ch2_ohr_ncp_20241115T1326321339_d_img_d18_x01920_y72320.png,0.2666,166.38,446.56,208.37,488.6
ch2_ohr_ncp_20241115T1326321339_d_img_d18_x02560_y62720.png,0.3154,158.91,556.72,202.71,601.52
ch2_ohr_ncp_20241115T1326321339_d_img_d18_x03200_y65920.png,0.2418,313.36,607.14,370.94,640.0
ch2_ohr_ncp_20241115T1326321339_d_img_d18_x03200_y67200.png,0.2158,71.21,133.57,121.65,178.79
ch2_ohr_ncp_20241115T1326321339_d_img_d18_x04480_y65920.png,0.2445,322.84,591.96,366.21,633.22
ch2_ohr_ncp_20241115T1326321339_d_img_d18_x05760_y69120.png,0.2397,582.75,0.02,636.19,26.66
ch2_ohr_ncp_20241115T1326321339_d_img_d18_x08960_y91520.png,0.3456,615.58,485.25,622.04,493.16
ch2_ohr_ncp_20241115T1326321339_d_img_d18_x08960_y91520.png,0.2205,607.72,463.33,613.54,468.12
ch2_ohr_ncp_20241115T1326321339_d_img_d18_x08960_y91520.png,0.2093,630.1,480.9,636.01,486.14
ch2_ohr_ncp_20241115T1326321339_d_img_d18_x10240_y49280.png,0.2398,286.33,334.93,292.02,340.74
ch2_ohr_ncp_20241115T1326321339_d_img_d18_x11520_y60160.png,0.3041,131.17,631.06,138.35,637.19
ch2_ohr_ncp_20241115T1525004388_d_img_d18_x02560_y65280.png,0.2367,414.38,0.44,448.78,30.75
ch2_ohr_ncp_20241115T1525004388_d_img_d18_x04480_y58240.png,0.2278,249.48,580.74,286.65,611.75
ch2_ohr_ncp_20241115T1525004388_d_img_d18_x04480_y67840.png,0.4622,351.95,11.55,358.71,18.66
ch2_ohr_ncp_20241115T1525004388_d_img_d18_x07040_y53120.png,0.4258,633.01,409.01,639.7,419.05
ch2_ohr_ncp_20241115T1525004388_d_img_d18_x07680_y49920.png,0.2884,547.41,607.32,602.58,640.0
ch2_ohr_ncp_20241115T1525004388_d_img_d18_x07680_y67840.png,0.2009,169.01,612.64,230.57,640.0
ch2_ohr_ncp_20241115T1525004388_d_img_d18_x10880_y57600.png,0.2204,86.61,626.48,117.51,640.0
ch2_ohr_ncp_20250123T0750012833_d_img_d18_x05120_y01920.png,0.242,0.8,384.15,52.57,429.61
ch2_ohr_ncp_20250123T0750012833_d_img_d18_x06400_y08320.png,0.2504,513.91,101.72,521.47,108.54
ch2_ohr_ncp_20250123T0750012833_d_img_d18_x07680_y55040.png,0.5514,83.26,0.67,88.87,6.3
ch2_ohr_ncp_20250123T0750012833_d_img_d18_x07680_y55040.png,0.25,96.97,11.19,102.39,16.43
ch2_ohr_ncp_20250123T0750012833_d_img_d18_x07680_y55040.png,0.2436,87.76,15.77,96.45,23.74
ch2_ohr_ncp_20250123T0750012833_d_img_d18_x08320_y05120.png,0.3225,0.03,15.69,4.67,22.57
ch2_ohr_ncp_20250123T0750012833_d_img_d18_x09600_y69120.png,0.2147,565.96,0.0,635.12,33.84
ch2_ohr_ncp_20250123T0750012833_d_img_d18_x09600_y69120.png,0.2044,330.54,187.54,417.01,233.34
ch2_ohr_ncp_20250123T0750012833_d_img_d18_x09600_y69120.png,0.204,335.51,188.15,388.9,230.66
ch2_ohr_ncp_20250123T0750012833_d_img_d18_x10240_y59520.png,0.2552,119.11,0.22,154.5,23.18
ch2_ohr_ncp_20250123T0750012833_d_img_d18_x10880_y51200.png,0.2913,320.67,283.89,328.17,292.12
ch2_ohr_ncp_20250123T0750012833_d_img_d18_x10880_y51200.png,0.2809,354.44,388.0,360.65,393.83
ch2_ohr_ncp_20250123T0750012833_d_img_d18_x10880_y51200.png,0.2582,530.53,597.41,594.97,640.0
ch2_ohr_ncp_20250123T0750012833_d_img_d18_x10880_y64000.png,0.2712,16.67,570.63,66.28,606.14
ch2_ohr_ncp_20250123T0750012833_d_img_d18_x11520_y14080.png,0.4161,0.03,631.54,14.47,639.81
ch2_ohr_ncp_20250123T0750012833_d_img_d18_x11520_y14080.png,0.3813,30.89,607.44,36.64,613.3
ch2_ohr_ncp_20250123T0750012833_d_img_d18_x11520_y14080.png,0.2137,40.43,603.96,45.85,609.11
ch2_ohr_ncp_20250123T0750012833_d_img_d18_x11520_y16000.png,0.4923,106.01,0.09,121.37,9.19
ch2_ohr_ncp_20250123T0750012833_d_img_d18_x11520_y16000.png,0.4907,73.36,106.55,84.04,116.73
ch2_ohr_ncp_20250123T0750012833_d_img_d18_x11520_y16000.png,0.4189,11.81,90.46,18.51,96.84
ch2_ohr_ncp_20250123T0750012833_d_img_d18_x11520_y16000.png,0.3279,90.99,7.81,95.78,12.22
ch2_ohr_ncp_20250123T0750012833_d_img_d18_x11520_y16000.png,0.3158,93.06,107.92,100.89,115.28
ch2_ohr_ncp_20250123T0750012833_d_img_d18_x11520_y16000.png,0.2986,82.1,38.87,87.63,44.09
ch2_ohr_ncp_20250123T0750012833_d_img_d18_x11520_y16000.png,0.2907,134.43,27.21,141.64,33.32
ch2_ohr_ncp_20250123T0750012833_d_img_d18_x11520_y16000.png,0.2611,78.71,128.39,85.15,134.89
ch2_ohr_ncp_20250123T0750012833_d_img_d18_x11520_y16000.png,0.2399,56.45,151.95,61.17,156.95
ch2_ohr_ncp_20250123T0750012833_d_img_d18_x11520_y16000.png,0.2221,54.08,123.97,60.01,129.22
ch2_ohr_ncp_20250123T0750012833_d_img_d18_x11520_y16000.png,0.2113,31.72,113.36,37.96,118.81
ch2_ohr_ncp_20250123T0750012833_d_img_d18_x11520_y17280.png,0.2915,328.14,615.33,388.14,640.0
ch2_ohr_ncp_20250123T0750012833_d_img_d18_x11520_y58240.png,0.3153,29.42,15.68,36.05,21.82
ch2_ohr_ncp_20250123T0750012833_d_img_d18_x11520_y58240.png,0.2092,136.12,403.42,208.35,444.44
ch2_ohr_ncp_20250123T0750012833_d_img_d18_x11520_y59520.png,0.2287,199.61,0.0,268.47,24.58
ch2_ohr_ncp_20250123T0750012833_d_img_d18_x11520_y61440.png,0.2117,37.8,260.84,45.02,268.01
ch2_ohr_ncp_20250123T0750012833_d_img_d18_x11520_y62720.png,0.2333,52.0,419.99,57.99,425.39
ch2_ohr_ncp_20250123T0750012833_d_img_d18_x11520_y64000.png,0.2142,27.36,22.66,34.62,28.78
ch2_ohr_ncp_20250123T0750012833_d_img_d18_x11520_y64640.png,0.2266,73.63,0.14,147.04,23.11
ch2_ohr_ncp_20250123T0750012833_d_img_d18_x11520_y70400.png,0.2379,139.47,616.62,144.34,621.53
ch2_ohr_ncp_20250123T0750012833_d_img_d18_x11520_y71040.png,0.2329,8.9,246.89,83.93,304.24
ch2_ohr_ncp_20250227T1046517020_d_img_d18_x00640_y42240.png,0.2403,406.08,0.02,415.37,6.73
ch2_ohr_ncp_20250227T1046517020_d_img_d18_x01280_y39680.png,0.2978,628.2,630.71,639.83,639.51
ch2_ohr_ncp_20250227T1046517020_d_img_d18_x01280_y73600.png,0.3505,549.83,3.9,557.33,12.21
ch2_ohr_ncp_20250227T1046517020_d_img_d18_x08960_y80000.png,0.244,11.08,7.67,17.18,14.53
ch2_ohr_ncp_20250227T1046517020_d_img_d18_x10240_y51840.png,0.5288,47.28,613.74,52.79,620.0
ch2_ohr_ncp_20250227T1046517020_d_img_d18_x10240_y51840.png,0.3603,59.19,599.22,65.22,605.46
ch2_ohr_ncp_20250303T0915317317_d_img_d18_x00000_y62720.png,0.2373,560.11,87.2,616.36,129.54
ch2_ohr_ncp_20250303T0915317317_d_img_d18_x00640_y61440.png,0.2711,93.13,1.98,161.13,33.51
ch2_ohr_ncp_20250303T0915317317_d_img_d18_x07680_y81920.png,0.2002,389.47,38.79,396.0,44.54
ch2_ohr_ncp_20250303T0915317317_d_img_d18_x08960_y82560.png,0.2102,635.01,29.57,639.94,37.16
ch2_ohr_ncp_20250303T0915317317_d_img_d18_x10240_y82560.png,0.35,551.84,3.99,558.63,10.29
ch2_ohr_ncp_20250303T0915317317_d_img_d18_x10240_y82560.png,0.3052,219.0,30.01,225.94,36.23
ch2_ohr_ncp_20250303T0915317317_d_img_d18_x10240_y82560.png,0.3003,563.21,93.64,568.59,100.01
ch2_ohr_ncp_20250303T0915317317_d_img_d18_x10240_y82560.png,0.2875,577.74,0.03,593.88,8.43
ch2_ohr_ncp_20250303T0915317317_d_img_d18_x10240_y82560.png,0.2561,563.37,92.0,568.88,98.85
ch2_ohr_ncp_20250303T0915317317_d_img_d18_x10240_y82560.png,0.2482,537.69,317.9,544.16,324.01
ch2_ohr_ncp_20250303T0915317317_d_img_d18_x10240_y82560.png,0.2283,10.69,17.06,16.18,21.62
ch2_ohr_ncp_20250303T0915317317_d_img_d18_x10240_y82560.png,0.2006,214.75,115.37,221.02,120.76
ch2_ohr_ncp_20250303T0915317317_d_img_d18_x10880_y76800.png,0.3466,305.25,631.63,311.66,638.46
ch2_ohr_ncp_20250303T0915317317_d_img_d18_x10880_y77440.png,0.2429,95.49,387.97,100.45,392.38
ch2_ohr_ncp_20250303T0915317317_d_img_d18_x10880_y83200.png,0.204,558.58,0.02,628.98,22.51
ch2_ohr_ncp_20250303T0915317317_d_img_d18_x11520_y80000.png,0.655,65.89,331.31,72.57,337.28
ch2_ohr_ncp_20250303T0915317317_d_img_d18_x11520_y80000.png,0.4635,23.34,219.43,30.31,226.31
ch2_ohr_ncp_20250303T0915317317_d_img_d18_x11520_y80000.png,0.4506,46.08,238.82,52.96,244.03
ch2_ohr_ncp_20250303T0915317317_d_img_d18_x11520_y80000.png,0.4291,147.8,311.78,156.57,318.91
ch2_ohr_ncp_20250303T0915317317_d_img_d18_x11520_y80000.png,0.3522,75.92,270.85,82.65,276.3
ch2_ohr_ncp_20250303T0915317317_d_img_d18_x11520_y80000.png,0.2849,92.66,513.32,102.0,521.33
ch2_ohr_ncp_20250303T0915317317_d_img_d18_x11520_y80000.png,0.2803,116.98,435.07,122.08,440.41
ch2_ohr_ncp_20250303T0915317317_d_img_d18_x11520_y80000.png,0.2745,184.07,302.22,191.51,308.32
ch2_ohr_ncp_20250303T0915317317_d_img_d18_x11520_y80000.png,0.2693,96.56,466.86,108.44,477.36
ch2_ohr_ncp_20250303T0915317317_d_img_d18_x11520_y80000.png,0.2293,192.6,457.89,197.9,462.81
ch2_ohr_ncp_20250303T0915317317_d_img_d18_x11520_y80000.png,0.2165,65.31,618.53,71.43,624.78
ch2_ohr_ncp_20250303T0915317317_d_img_d18_x11520_y80000.png,0.2157,251.91,73.76,258.62,80.57
ch2_ohr_ncp_20250303T0915317317_d_img_d18_x11520_y80640.png,0.3582,18.71,276.0,23.39,281.14
ch2_ohr_ncp_20250303T0915317317_d_img_d18_x11520_y80640.png,0.2076,116.29,285.28,124.01,292.11
ch2_ohr_ncp_20250303T0915317317_d_img_d18_x11520_y81280.png,0.2304,29.43,11.88,36.09,18.87
ch2_ohr_ncp_20250303T0915317317_d_img_d18_x11520_y81280.png,0.215,38.29,125.84,44.47,132.14
ch2_ohr_ncp_20250303T0915317317_d_img_d18_x11520_y81920.png,0.6779,80.5,88.45,90.82,97.92
ch2_ohr_ncp_20250303T0915317317_d_img_d18_x11520_y81920.png,0.5121,27.78,0.07,34.94,4.63
ch2_ohr_ncp_20250303T0915317317_d_img_d18_x11520_y81920.png,0.4603,234.75,341.91,241.14,348.04
ch2_ohr_ncp_20250303T0915317317_d_img_d18_x11520_y81920.png,0.4577,113.44,95.61,119.06,100.11
ch2_ohr_ncp_20250303T0915317317_d_img_d18_x11520_y81920.png,0.4512,104.71,377.29,111.38,382.79
ch2_ohr_ncp_20250303T0915317317_d_img_d18_x11520_y81920.png,0.4216,208.05,283.39,216.02,290.55
ch2_ohr_ncp_20250303T0915317317_d_img_d18_x11520_y81920.png,0.3412,237.88,2.78,244.1,8.92
ch2_ohr_ncp_20250303T0915317317_d_img_d18_x11520_y81920.png,0.3404,238.74,334.56,246.96,342.18
ch2_ohr_ncp_20250303T0915317317_d_img_d18_x11520_y81920.png,0.3163,71.45,117.98,77.54,123.0
ch2_ohr_ncp_20250303T0915317317_d_img_d18_x11520_y81920.png,0.2886,234.67,283.95,244.79,293.25
ch2_ohr_ncp_20250303T0915317317_d_img_d18_x11520_y81920.png,0.2506,126.91,525.21,133.82,532.67
ch2_ohr_ncp_20250303T0915317317_d_img_d18_x11520_y81920.png,0.2364,119.6,521.02,124.47,525.9
ch2_ohr_ncp_20250303T0915317317_d_img_d18_x11520_y81920.png,0.2339,89.62,262.06,94.54,268.01
ch2_ohr_ncp_20250303T0915317317_d_img_d18_x11520_y81920.png,0.2202,115.9,554.26,121.78,558.86
ch2_ohr_ncp_20250303T0915317317_d_img_d18_x11520_y81920.png,0.2056,103.98,376.0,110.83,382.71
ch2_ohr_ncp_20250303T0915317317_d_img_d18_x11520_y82560.png,0.33,0.08,65.96,4.8,71.78
ch2_ohr_ncp_20250303T0915317317_d_img_d18_x11520_y82560.png,0.2173,25.54,161.59,32.07,167.33
ch2_ohr_ncp_20250303T1114102638_d_img_d18_x01280_y77440.png,0.3659,345.03,65.07,351.04,71.25
ch2_ohr_ncp_20250303T1114102638_d_img_d18_x01280_y77440.png,0.2284,256.06,0.0,266.77,4.15
ch2_ohr_ncp_20250303T1114102638_d_img_d18_x01920_y44160.png,0.2982,190.54,292.0,196.81,300.15
ch2_ohr_ncp_20250303T1114102638_d_img_d18_x01920_y44160.png,0.2443,179.32,344.87,184.38,351.61
ch2_ohr_ncp_20250303T1114102638_d_img_d18_x02560_y47360.png,0.3662,43.98,10.29,49.72,15.05
ch2_ohr_ncp_20250303T1114102638_d_img_d18_x02560_y47360.png,0.249,56.67,0.06,62.44,4.67
ch2_ohr_ncp_20250303T1114102638_d_img_d18_x02560_y76800.png,0.2026,42.05,631.99,46.93,636.94
ch2_ohr_ncp_20250303T1114102638_d_img_d18_x08960_y80000.png,0.2506,635.01,395.11,639.96,403.52
ch2_ohr_ncp_20250303T1114102638_d_img_d18_x09600_y80640.png,0.2528,25.17,616.22,30.89,621.63
ch2_ohr_ncp_20250303T1114102638_d_img_d18_x10240_y88320.png,0.5635,482.26,67.87,488.69,74.53
ch2_ohr_ncp_20250303T1114102638_d_img_d18_x10240_y88320.png,0.2903,491.6,115.93,495.11,120.7
ch2_ohr_ncp_20250303T1114102638_d_img_d18_x10240_y88320.png,0.2353,379.94,5.2,388.73,12.79
ch2_ohr_ncp_20250303T1114102638_d_img_d18_x10240_y88320.png,0.2236,561.04,346.29,565.24,351.15
ch2_ohr_ncp_20250303T1114102638_d_img_d18_x10240_y88320.png,0.2181,387.65,12.66,392.5,20.0
ch2_ohr_ncp_20250303T1114102638_d_img_d18_x11520_y81920.png,0.604,173.89,423.9,184.13,435.44
ch2_ohr_ncp_20250303T1114102638_d_img_d18_x11520_y81920.png,0.4721,129.86,497.69,134.9,502.74
ch2_ohr_ncp_20250303T1114102638_d_img_d18_x11520_y81920.png,0.4701,117.96,528.14,124.0,533.65
ch2_ohr_ncp_20250303T1114102638_d_img_d18_x11520_y81920.png,0.4205,66.38,272.1,72.19,277.88
ch2_ohr_ncp_20250303T1114102638_d_img_d18_x11520_y81920.png,0.3613,185.68,441.62,191.75,448.35
ch2_ohr_ncp_20250303T1114102638_d_img_d18_x11520_y81920.png,0.3245,181.47,513.25,188.15,519.77
ch2_ohr_ncp_20250303T1114102638_d_img_d18_x11520_y81920.png,0.3237,159.64,566.18,166.33,573.48
ch2_ohr_ncp_20250303T1114102638_d_img_d18_x11520_y81920.png,0.2826,52.36,411.7,62.98,425.16
ch2_ohr_ncp_20250303T1114102638_d_img_d18_x11520_y81920.png,0.2189,180.0,513.56,187.28,519.96
ch2_ohr_ncp_20250303T1114102638_d_img_d18_x11520_y82560.png,0.3604,3.84,615.39,10.33,622.77
ch2_ohr_ncp_20250303T1114102638_d_img_d18_x11520_y82560.png,0.348,8.49,191.25,14.23,197.51
ch2_ohr_ncp_20250303T1114102638_d_img_d18_x11520_y83200.png,0.634,24.26,73.72,28.86,79.13
ch2_ohr_ncp_20250303T1114102638_d_img_d18_x11520_y83200.png,0.2854,301.52,406.23,311.76,417.54
ch2_ohr_ncp_20250303T1114102638_d_img_d18_x11520_y83200.png,0.2652,130.07,563.18,135.34,568.58
ch2_ohr_ncp_20250303T1114102638_d_img_d18_x11520_y83200.png,0.2475,122.33,323.75,128.84,330.22
ch2_ohr_ncp_20250303T1114102638_d_img_d18_x11520_y83200.png,0.2372,135.16,491.8,140.26,497.22
ch2_ohr_ncp_20250303T1114102638_d_img_d18_x11520_y83200.png,0.2361,48.94,462.84,53.73,468.16
ch2_ohr_ncp_20250303T1114102638_d_img_d18_x11520_y83200.png,0.2097,304.19,327.26,312.31,335.36
ch2_ohr_ncp_20250303T1114102638_d_img_d18_x11520_y83840.png,0.5402,30.67,335.01,36.1,341.36
ch2_ohr_ncp_20250303T1114102638_d_img_d18_x11520_y83840.png,0.5073,173.62,0.2,191.7,6.46
ch2_ohr_ncp_20250303T1114102638_d_img_d18_x11520_y83840.png,0.3723,123.89,178.52,128.9,183.94
ch2_ohr_ncp_20250303T1114102638_d_img_d18_x11520_y83840.png,0.2517,53.49,67.19,60.2,73.03
ch2_ohr_ncp_20250303T1114102638_d_img_d18_x11520_y84480.png,0.5273,222.23,530.14,229.61,537.86
ch2_ohr_ncp_20250303T1114102638_d_img_d18_x11520_y84480.png,0.4871,19.64,105.27,25.81,111.68
ch2_ohr_ncp_20250303T1114102638_d_img_d18_x11520_y84480.png,0.3724,398.91,34.63,405.6,43.17
ch2_ohr_ncp_20250303T1114102638_d_img_d18_x11520_y84480.png,0.3321,176.7,358.97,182.3,365.39
ch2_ohr_ncp_20250303T1114102638_d_img_d18_x11520_y84480.png,0.3094,171.97,626.24,176.56,630.73
ch2_ohr_ncp_20250303T1114102638_d_img_d18_x11520_y84480.png,0.2849,364.0,87.74,369.04,92.02
ch2_ohr_ncp_20250303T1114102638_d_img_d18_x11520_y84480.png,0.2845,224.43,30.41,230.05,37.3
ch2_ohr_ncp_20250303T1114102638_d_img_d18_x11520_y84480.png,0.2522,155.7,123.95,161.8,130.24
ch2_ohr_ncp_20250303T1114102638_d_img_d18_x11520_y84480.png,0.209,272.24,626.44,277.46,632.25
ch2_ohr_ncp_20250303T1114102638_d_img_d18_x11520_y85120.png,0.6058,91.85,595.62,97.77,601.57
ch2_ohr_ncp_20250303T1114102638_d_img_d18_x11520_y85120.png,0.5601,41.74,363.45,46.55,368.66
ch2_ohr_ncp_20250303T1114102638_d_img_d18_x11520_y85120.png,0.5249,49.2,565.71,54.27,572.0
ch2_ohr_ncp_20250303T1114102638_d_img_d18_x11520_y85120.png,0.5173,37.03,383.08,45.48,392.59
ch2_ohr_ncp_20250303T1114102638_d_img_d18_x11520_y85120.png,0.4363,195.6,126.37,200.55,132.0
ch2_ohr_ncp_20250303T1114102638_d_img_d18_x11520_y85120.png,0.391,49.08,564.0,54.39,570.84
ch2_ohr_ncp_20250303T1114102638_d_img_d18_x11520_y85120.png,0.3851,80.85,603.95,85.99,609.02
ch2_ohr_ncp_20250303T1114102638_d_img_d18_x11520_y85120.png,0.382,90.7,633.25,97.25,638.58
ch2_ohr_ncp_20250303T1114102638_d_img_d18_x11520_y85120.png,0.382,83.98,633.15,89.53,638.79
ch2_ohr_ncp_20250303T1114102638_d_img_d18_x11520_y85120.png,0.3747,318.42,433.67,324.05,439.42
ch2_ohr_ncp_20250303T1114102638_d_img_d18_x11520_y85120.png,0.3103,49.05,565.63,56.0,570.8
ch2_ohr_ncp_20250303T1114102638_d_img_d18_x11520_y85120.png,0.2963,415.73,359.96,421.68,365.59
ch2_ohr_ncp_20250303T1114102638_d_img_d18_x11520_y85120.png,0.2824,55.5,365.39,63.83,373.87
ch2_ohr_ncp_20250303T1114102638_d_img_d18_x11520_y85120.png,0.2336,213.45,165.37,219.28,171.35
ch2_ohr_ncp_20250303T1114102638_d_img_d18_x11520_y85120.png,0.204,80.17,592.03,85.31,597.58
ch2_ohr_ncp_20250303T1114102638_d_img_d18_x11520_y85760.png,0.6987,223.86,488.81,228.98,494.72
ch2_ohr_ncp_20250303T1114102638_d_img_d18_x11520_y85760.png,0.543,115.51,113.71,120.72,119.51
ch2_ohr_ncp_20250303T1114102638_d_img_d18_x11520_y85760.png,0.3843,388.86,362.1,398.41,372.89
ch2_ohr_ncp_20250303T1114102638_d_img_d18_x11520_y85760.png,0.2987,425.94,392.15,431.05,396.87
ch2_ohr_ncp_20250303T1114102638_d_img_d18_x11520_y85760.png,0.2625,73.49,414.77,77.13,420.0
ch2_ohr_ncp_20250303T1114102638_d_img_d18_x11520_y85760.png,0.2292,10.67,332.0,15.22,337.74
ch2_ohr_ncp_20250303T1114102638_d_img_d18_x11520_y85760.png,0.2288,183.23,441.38,189.0,448.07
ch2_ohr_ncp_20250303T1114102638_d_img_d18_x11520_y85760.png,0.2255,67.36,532.42,75.95,539.12
ch2_ohr_ncp_20250303T1114102638_d_img_d18_x11520_y85760.png,0.2085,176.13,35.98,180.54,41.2
ch2_ohr_ncp_20250303T1114102638_d_img_d18_x11520_y86400.png,0.6801,105.62,286.11,113.35,293.41
ch2_ohr_ncp_20250303T1114102638_d_img_d18_x11520_y86400.png,0.5931,222.03,458.89,228.05,464.57
ch2_ohr_ncp_20250303T1114102638_d_img_d18_x11520_y86400.png,0.5895,150.22,565.4,157.65,573.0
ch2_ohr_ncp_20250303T1114102638_d_img_d18_x11520_y86400.png,0.572,85.72,261.39,92.09,268.03
ch2_ohr_ncp_20250303T1114102638_d_img_d18_x11520_y86400.png,0.5362,168.41,622.4,173.88,628.02
ch2_ohr_ncp_20250303T1114102638_d_img_d18_x11520_y86400.png,0.5115,250.15,307.98,254.09,313.54
ch2_ohr_ncp_20250303T1114102638_d_img_d18_x11520_y86400.png,0.4946,257.81,473.73,263.04,479.57
ch2_ohr_ncp_20250303T1114102638_d_img_d18_x11520_y86400.png,0.4053,295.7,435.95,300.41,441.67
ch2_ohr_ncp_20250303T1114102638_d_img_d18_x11520_y86400.png,0.3982,219.93,305.98,225.16,311.02
ch2_ohr_ncp_20250303T1114102638_d_img_d18_x11520_y86400.png,0.3878,295.81,130.79,302.91,138.33
ch2_ohr_ncp_20250303T1114102638_d_img_d18_x11520_y86400.png,0.3791,47.75,109.55,52.65,116.0
ch2_ohr_ncp_20250303T1114102638_d_img_d18_x11520_y86400.png,0.3722,25.54,433.62,33.02,440.78
ch2_ohr_ncp_20250303T1114102638_d_img_d18_x11520_y86400.png,0.332,72.46,613.29,80.59,624.38
ch2_ohr_ncp_20250303T1114102638_d_img_d18_x11520_y86400.png,0.3173,166.12,496.68,172.01,501.31
ch2_ohr_ncp_20250303T1114102638_d_img_d18_x11520_y86400.png,0.2851,181.74,477.07,188.07,484.0
ch2_ohr_ncp_20250303T1114102638_d_img_d18_x11520_y86400.png,0.2587,84.0,261.24,91.47,268.02
ch2_ohr_ncp_20250303T1114102638_d_img_d18_x11520_y86400.png,0.2546,321.65,189.65,328.3,196.08
ch2_ohr_ncp_20250303T1114102638_d_img_d18_x11520_y86400.png,0.2232,386.57,295.31,399.75,309.16
ch2_ohr_ncp_20250303T1114102638_d_img_d18_x11520_y86400.png,0.2204,152.63,499.43,157.14,503.38
ch2_ohr_ncp_20250303T1114102638_d_img_d18_x11520_y87040.png,0.5757,34.13,440.89,39.15,445.5
ch2_ohr_ncp_20250303T1114102638_d_img_d18_x11520_y87040.png,0.5181,70.31,550.22,76.63,556.49
ch2_ohr_ncp_20250303T1114102638_d_img_d18_x11520_y87040.png,0.4366,162.58,412.0,167.07,416.77
ch2_ohr_ncp_20250303T1114102638_d_img_d18_x11520_y87040.png,0.4096,234.1,577.02,240.34,584.34
ch2_ohr_ncp_20250303T1114102638_d_img_d18_x11520_y87040.png,0.2932,129.97,629.3,139.45,637.32
ch2_ohr_ncp_20250303T1114102638_d_img_d18_x11520_y87040.png,0.2865,45.07,23.96,53.72,33.82
ch2_ohr_ncp_20250303T1114102638_d_img_d18_x11520_y87040.png,0.2283,139.99,427.88,146.06,434.22
ch2_ohr_ncp_20250303T1114102638_d_img_d18_x11520_y87040.png,0.2274,34.41,439.98,40.03,445.45
ch2_ohr_ncp_20250303T1114102638_d_img_d18_x11520_y87680.png,0.6536,354.31,174.66,362.66,183.78
ch2_ohr_ncp_20250303T1114102638_d_img_d18_x11520_y87680.png,0.6218,161.26,505.56,166.71,511.19
ch2_ohr_ncp_20250303T1114102638_d_img_d18_x11520_y87680.png,0.5674,68.0,75.99,73.89,81.36
ch2_ohr_ncp_20250303T1114102638_d_img_d18_x11520_y87680.png,0.5038,181.99,375.7,186.69,381.13
ch2_ohr_ncp_20250303T1114102638_d_img_d18_x11520_y87680.png,0.459,165.63,123.66,172.05,131.03
ch2_ohr_ncp_20250303T1114102638_d_img_d18_x11520_y87680.png,0.3603,50.29,10.42,63.74,25.03
ch2_ohr_ncp_20250303T1114102638_d_img_d18_x11520_y87680.png,0.3389,235.86,538.74,241.97,545.46
ch2_ohr_ncp_20250303T1114102638_d_img_d18_x11520_y87680.png,0.3115,149.66,42.59,156.48,52.39
ch2_ohr_ncp_20250303T1114102638_d_img_d18_x11520_y87680.png,0.307,164.0,123.95,170.84,130.92
ch2_ohr_ncp_20250303T1114102638_d_img_d18_x11520_y87680.png,0.2783,140.0,366.16,145.39,372.0
ch2_ohr_ncp_20250303T1114102638_d_img_d18_x11520_y87680.png,0.2303,16.13,0.11,22.24,6.12
ch2_ohr_ncp_20250303T1114102638_d_img_d18_x11520_y87680.png,0.2022,84.0,249.27,90.99,255.49
ch2_ohr_ncp_20250303T1114102638_d_img_d18_x11520_y88320.png,0.6943,30.46,481.39,36.77,488.17
ch2_ohr_ncp_20250303T1114102638_d_img_d18_x11520_y88320.png,0.5841,53.54,348.56,61.21,360.08
ch2_ohr_ncp_20250303T1114102638_d_img_d18_x11520_y88320.png,0.5334,2.59,615.49,19.99,638.81
ch2_ohr_ncp_20250303T1114102638_d_img_d18_x11520_y88320.png,0.5289,32.47,87.4,37.5,92.75
ch2_ohr_ncp_20250303T1114102638_d_img_d18_x11520_y88320.png,0.4895,55.2,115.89,61.49,122.67
ch2_ohr_ncp_20250303T1114102638_d_img_d18_x11520_y88320.png,0.3728,122.99,40.19,130.26,49.62
ch2_ohr_ncp_20250303T1114102638_d_img_d18_x11520_y88320.png,0.3109,360.85,165.89,366.62,172.04
ch2_ohr_ncp_20250303T1114102638_d_img_d18_x11520_y88320.png,0.2823,42.69,619.44,47.33,624.16
ch2_ohr_ncp_20250303T1114102638_d_img_d18_x11520_y88320.png,0.214,339.94,323.98,347.59,332.37
ch2_ohr_ncp_20250303T1114102638_d_img_d18_x11520_y88960.png,0.3851,236.28,176.05,244.12,183.85
ch2_ohr_ncp_20250304T0655103610_d_img_d18_x00000_y75520.png,0.3686,481.84,618.4,488.59,625.14
ch2_ohr_ncp_20250304T0655103610_d_img_d18_x00000_y76160.png,0.4987,158.61,434.24,165.49,441.76
ch2_ohr_ncp_20250304T0655103610_d_img_d18_x00000_y76160.png,0.207,56.27,383.0,60.76,388.17
ch2_ohr_ncp_20250304T0655103610_d_img_d18_x00640_y84480.png,0.3692,441.94,71.0,447.27,76.31
ch2_ohr_ncp_20250304T0655103610_d_img_d18_x00640_y84480.png,0.2247,28.0,72.02,33.27,76.18
ch2_ohr_ncp_20250304T0655103610_d_img_d18_x00640_y84480.png,0.2227,450.53,324.69,457.05,331.27
ch2_ohr_ncp_20250304T0655103610_d_img_d18_x01280_y84480.png,0.2355,219.79,13.11,229.9,26.32
ch2_ohr_ncp_20250304T0655103610_d_img_d18_x01280_y85120.png,0.3684,517.23,371.47,521.79,376.24
ch2_ohr_ncp_20250304T0655103610_d_img_d18_x01920_y43520.png,0.2142,227.02,632.38,235.39,639.48
ch2_ohr_ncp_20250304T0655103610_d_img_d18_x01920_y85120.png,0.2827,624.18,39.31,629.48,44.97
ch2_ohr_ncp_20250304T0655103610_d_img_d18_x01920_y85760.png,0.3135,595.76,93.71,600.99,100.1
ch2_ohr_ncp_20250304T0655103610_d_img_d18_x02560_y64000.png,0.4197,138.69,384.06,145.39,391.44
ch2_ohr_ncp_20250304T0655103610_d_img_d18_x03200_y86400.png,0.4907,616.77,401.34,621.9,406.04
ch2_ohr_ncp_20250304T0655103610_d_img_d18_x03200_y86400.png,0.3804,554.0,346.91,558.75,352.28
ch2_ohr_ncp_20250304T0655103610_d_img_d18_x03840_y77440.png,0.3728,635.94,287.62,639.89,297.33
ch2_ohr_ncp_20250304T0655103610_d_img_d18_x03840_y77440.png,0.245,595.99,267.3,602.67,273.88
ch2_ohr_ncp_20250304T0655103610_d_img_d18_x03840_y86400.png,0.4859,403.01,0.15,439.43,34.1
ch2_ohr_ncp_20250304T0655103610_d_img_d18_x03840_y86400.png,0.3843,388.19,0.0,440.7,34.58
ch2_ohr_ncp_20250304T0655103610_d_img_d18_x04480_y78720.png,0.2499,242.59,370.96,248.47,376.97
ch2_ohr_ncp_20250304T0655103610_d_img_d18_x04480_y79360.png,0.3949,113.31,591.83,121.0,600.09
ch2_ohr_ncp_20250304T0655103610_d_img_d18_x04480_y79360.png,0.2457,368.28,424.14,373.96,430.42
ch2_ohr_ncp_20250304T0655103610_d_img_d18_x04480_y87040.png,0.2999,237.89,79.92,244.17,86.45
ch2_ohr_ncp_20250304T0655103610_d_img_d18_x04480_y87040.png,0.2449,251.46,99.97,257.44,104.86
ch2_ohr_ncp_20250304T0655103610_d_img_d18_x05120_y78720.png,0.514,75.83,403.87,81.17,409.33
ch2_ohr_ncp_20250304T0655103610_d_img_d18_x05120_y78720.png,0.2214,152.66,470.54,167.2,487.34
ch2_ohr_ncp_20250304T0655103610_d_img_d18_x05120_y78720.png,0.2031,444.0,103.8,451.61,111.42
ch2_ohr_ncp_20250304T0655103610_d_img_d18_x05120_y87680.png,0.5212,436.12,501.84,475.15,556.33
ch2_ohr_ncp_20250304T0655103610_d_img_d18_x05120_y87680.png,0.4119,436.32,484.67,480.01,556.0
ch2_ohr_ncp_20250304T0655103610_d_img_d18_x05120_y87680.png,0.2582,436.85,465.26,488.86,556.84
ch2_ohr_ncp_20250304T0655103610_d_img_d18_x05760_y88320.png,0.5327,501.33,157.81,514.12,172.24
ch2_ohr_ncp_20250304T0655103610_d_img_d18_x06400_y80000.png,0.4259,323.28,452.0,331.67,462.03
ch2_ohr_ncp_20250304T0655103610_d_img_d18_x06400_y80000.png,0.2231,378.0,506.76,383.9,512.91
ch2_ohr_ncp_20250304T0655103610_d_img_d18_x07040_y80640.png,0.3235,0.05,401.5,7.07,410.57
ch2_ohr_ncp_20250304T0655103610_d_img_d18_x07680_y89600.png,0.3215,219.04,37.02,227.26,45.64
ch2_ohr_ncp_20250304T0655103610_d_img_d18_x08320_y81280.png,0.3347,461.88,420.83,468.01,428.17
ch2_ohr_ncp_20250304T0655103610_d_img_d18_x08960_y90880.png,0.2125,374.05,255.85,380.02,260.07
ch2_ohr_ncp_20250304T0655103610_d_img_d18_x09600_y82560.png,0.4297,416.78,577.07,425.38,589.66
ch2_ohr_ncp_20250304T0655103610_d_img_d18_x09600_y83200.png,0.2356,61.3,624.99,68.62,633.07
ch2_ohr_ncp_20250304T0655103610_d_img_d18_x09600_y83200.png,0.2318,631.91,550.69,637.94,557.04
ch2_ohr_ncp_20250304T0655103610_d_img_d18_x09600_y83200.png,0.2054,225.68,564.54,232.32,570.43
ch2_ohr_ncp_20250304T0655103610_d_img_d18_x10240_y91520.png,0.3135,203.17,187.57,207.2,191.2
ch2_ohr_ncp_20250304T0655103610_d_img_d18_x10240_y91520.png,0.2448,401.79,147.9,405.61,153.4
ch2_ohr_ncp_20250304T0655103610_d_img_d18_x10240_y91520.png,0.2113,18.8,33.0,26.48,44.77
ch2_ohr_ncp_20250304T0655103610_d_img_d18_x10240_y92160.png,0.6594,483.42,158.07,489.67,167.22
ch2_ohr_ncp_20250304T0655103610_d_img_d18_x10240_y92160.png,0.6372,496.34,112.02,507.54,122.56
ch2_ohr_ncp_20250304T0655103610_d_img_d18_x10240_y92160.png,0.6084,416.88,131.65,421.97,137.36
ch2_ohr_ncp_20250304T0655103610_d_img_d18_x10240_y92160.png,0.5918,371.79,19.97,380.21,26.69
ch2_ohr_ncp_20250304T0655103610_d_img_d18_x10240_y92160.png,0.5823,536.72,225.13,541.86,231.25
ch2_ohr_ncp_20250304T0655103610_d_img_d18_x10240_y92160.png,0.5415,452.19,207.47,461.14,217.35
ch2_ohr_ncp_20250304T0655103610_d_img_d18_x10240_y92160.png,0.5296,458.3,160.6,463.72,165.96
ch2_ohr_ncp_20250304T0655103610_d_img_d18_x10240_y92160.png,0.5121,529.79,224.83,534.91,230.5
ch2_ohr_ncp_20250304T0655103610_d_img_d18_x10240_y92160.png,0.4734,350.82,310.64,356.88,318.76
ch2_ohr_ncp_20250304T0655103610_d_img_d18_x10240_y92160.png,0.4666,485.85,96.15,492.51,102.97
ch2_ohr_ncp_20250304T0655103610_d_img_d18_x10240_y92160.png,0.4654,538.1,238.76,543.19,244.81
ch2_ohr_ncp_20250304T0655103610_d_img_d18_x10240_y92160.png,0.4399,521.85,232.91,528.95,241.37
ch2_ohr_ncp_20250304T0655103610_d_img_d18_x10240_y92160.png,0.4283,411.94,147.55,416.87,152.34
ch2_ohr_ncp_20250304T0655103610_d_img_d18_x10240_y92160.png,0.4218,526.57,285.3,532.02,292.89
ch2_ohr_ncp_20250304T0655103610_d_img_d18_x10240_y92160.png,0.4114,471.68,183.64,477.94,188.21
ch2_ohr_ncp_20250304T0655103610_d_img_d18_x10240_y92160.png,0.4081,520.29,243.92,525.15,248.74
ch2_ohr_ncp_20250304T0655103610_d_img_d18_x10240_y92160.png,0.3907,507.98,49.3,512.55,53.99
ch2_ohr_ncp_20250304T0655103610_d_img_d18_x10240_y92160.png,0.38,525.43,246.36,532.01,252.05
ch2_ohr_ncp_20250304T0655103610_d_img_d18_x10240_y92160.png,0.3559,452.0,173.39,458.08,180.01
ch2_ohr_ncp_20250304T0655103610_d_img_d18_x10240_y92160.png,0.3536,505.91,93.98,511.06,100.0
ch2_ohr_ncp_20250304T0655103610_d_img_d18_x10240_y92160.png,0.3107,538.27,164.25,544.97,173.23
ch2_ohr_ncp_20250304T0655103610_d_img_d18_x10240_y92160.png,0.2735,448.24,219.05,455.12,225.3
ch2_ohr_ncp_20250304T0655103610_d_img_d18_x10240_y92160.png,0.2326,526.32,83.13,532.03,87.62
ch2_ohr_ncp_20250304T0655103610_d_img_d18_x10240_y92160.png,0.2106,453.86,186.07,460.0,189.87
ch2_ohr_ncp_20250304T0655103610_d_img_d18_x10240_y92160.png,0.2102,574.3,155.03,581.08,161.95
ch2_ohr_ncp_20250304T0655103610_d_img_d18_x10240_y92160.png,0.2037,484.0,96.17,492.23,103.54
ch2_ohr_ncp_20250304T0655103610_d_img_d18_x10880_y86400.png,0.2238,287.4,53.06,293.01,60.07
ch2_ohr_ncp_20250304T0655103610_d_img_d18_x10880_y86400.png,0.2115,287.6,101.38,292.79,108.01
ch2_ohr_ncp_20250304T0655103610_d_img_d18_x10880_y87040.png,0.3946,235.81,266.1,244.31,275.25
ch2_ohr_ncp_20250304T0655103610_d_img_d18_x10880_y92800.png,0.6089,515.29,288.34,521.34,292.87
ch2_ohr_ncp_20250304T0655103610_d_img_d18_x10880_y92800.png,0.2905,583.08,24.99,588.01,29.14
ch2_ohr_ncp_20250304T0655103610_d_img_d18_x10880_y92800.png,0.2158,363.94,106.19,369.63,111.18
ch2_ohr_ncp_20250304T0655103610_d_img_d18_x11520_y85120.png,0.271,199.69,625.16,204.12,630.15
ch2_ohr_ncp_20250304T0655103610_d_img_d18_x11520_y85760.png,0.289,27.05,364.0,31.25,369.99
ch2_ohr_ncp_20250304T0655103610_d_img_d18_x11520_y85760.png,0.2335,353.42,473.01,359.31,478.59
ch2_ohr_ncp_20250304T0655103610_d_img_d18_x11520_y86400.png,0.2682,185.37,172.96,229.1,245.78
ch2_ohr_ncp_20250304T0655103610_d_img_d18_x11520_y87040.png,0.5429,370.17,201.08,384.65,221.42
ch2_ohr_ncp_20250304T0655103610_d_img_d18_x11520_y87040.png,0.3361,6.1,347.88,15.83,358.68
ch2_ohr_ncp_20250304T0655103610_d_img_d18_x11520_y87040.png,0.3008,349.84,382.72,358.66,393.1
ch2_ohr_ncp_20250304T0655103610_d_img_d18_x11520_y87040.png,0.2983,321.88,307.5,332.59,319.83
ch2_ohr_ncp_20250304T0655103610_d_img_d18_x11520_y87040.png,0.263,273.47,105.79,285.06,116.69
ch2_ohr_ncp_20250304T0655103610_d_img_d18_x11520_y87680.png,0.6736,58.1,435.07,66.81,444.19
ch2_ohr_ncp_20250304T0655103610_d_img_d18_x11520_y87680.png,0.6172,32.18,439.04,37.61,444.58
ch2_ohr_ncp_20250304T0655103610_d_img_d18_x11520_y87680.png,0.3195,303.82,321.9,308.55,326.16
ch2_ohr_ncp_20250304T0655103610_d_img_d18_x11520_y87680.png,0.2004,46.49,204.06,52.92,212.3
ch2_ohr_ncp_20250304T0655103610_d_img_d18_x11520_y88320.png,0.3914,370.47,487.29,379.09,495.43
ch2_ohr_ncp_20250304T0655103610_d_img_d18_x11520_y88320.png,0.3475,44.0,211.95,48.85,217.38
ch2_ohr_ncp_20250304T0655103610_d_img_d18_x11520_y88320.png,0.2685,101.86,63.28,108.48,70.83
ch2_ohr_ncp_20250304T0655103610_d_img_d18_x11520_y88960.png,0.5034,52.22,146.9,61.28,155.64
ch2_ohr_ncp_20250304T0655103610_d_img_d18_x11520_y88960.png,0.3876,331.14,335.9,336.9,341.73
ch2_ohr_ncp_20250304T0655103610_d_img_d18_x11520_y88960.png,0.3689,399.55,176.68,411.43,191.93
ch2_ohr_ncp_20250304T0655103610_d_img_d18_x11520_y88960.png,0.3042,318.32,331.92,324.07,338.1
ch2_ohr_ncp_20250304T0655103610_d_img_d18_x11520_y88960.png,0.287,138.16,140.66,144.26,148.76
ch2_ohr_ncp_20250304T0655103610_d_img_d18_x11520_y88960.png,0.2781,60.0,208.15,64.74,212.37
ch2_ohr_ncp_20250304T0655103610_d_img_d18_x11520_y88960.png,0.2614,406.43,550.96,413.32,558.66
ch2_ohr_ncp_20250304T0655103610_d_img_d18_x11520_y88960.png,0.2125,64.49,159.89,69.33,165.39
ch2_ohr_ncp_20250304T0655103610_d_img_d18_x11520_y89600.png,0.4496,121.61,61.3,127.25,68.81
ch2_ohr_ncp_20250304T0655103610_d_img_d18_x11520_y89600.png,0.3126,84.0,75.0,89.42,79.33
ch2_ohr_ncp_20250304T0655103610_d_img_d18_x11520_y89600.png,0.2835,17.99,90.88,24.38,98.03
ch2_ohr_ncp_20250304T0655103610_d_img_d18_x11520_y89600.png,0.237,138.48,184.04,150.96,199.9
ch2_ohr_ncp_20250304T0655103610_d_img_d18_x11520_y89600.png,0.2071,152.41,627.09,159.29,636.27
ch2_ohr_ncp_20250304T0655103610_d_img_d18_x11520_y90240.png,0.4319,283.81,437.3,291.64,447.66
ch2_ohr_ncp_20250304T0655103610_d_img_d18_x11520_y92800.png,0.6733,123.17,283.76,128.57,289.59
ch2_ohr_ncp_20250304T0655103610_d_img_d18_x11520_y92800.png,0.492,167.14,420.72,172.74,425.83
ch2_ohr_ncp_20250304T0655103610_d_img_d18_x11520_y92800.png,0.3887,163.99,239.97,170.19,246.67
ch2_ohr_ncp_20250304T0655103610_d_img_d18_x11520_y92800.png,0.2484,147.32,280.41,152.48,285.65
ch2_ohr_ncp_20250304T0655103610_d_img_d18_x11520_y92800.png,0.2423,165.19,240.14,172.0,246.68
ch2_ohr_ncp_20250304T0655103610_d_img_d18_x11520_y92800.png,0.2337,136.38,276.0,141.89,283.46
ch2_ohr_ncp_20250304T0655103610_d_img_d18_x11520_y92800.png,0.2286,162.26,279.12,167.36,284.1
ch2_ohr_ncp_20250304T0655103610_d_img_d18_x11520_y93440.png,0.5882,359.54,114.6,367.1,121.33
ch2_ohr_ncp_20250304T1050453845_d_img_d18_x00000_y51840.png,0.2014,31.25,632.39,36.78,637.01
ch2_ohr_ncp_20250304T1050453845_d_img_d18_x00000_y69120.png,0.2867,98.84,604.98,104.66,613.55
ch2_ohr_ncp_20250304T1050453845_d_img_d18_x01280_y84480.png,0.2698,131.2,486.88,141.1,496.82
ch2_ohr_ncp_20250304T1050453845_d_img_d18_x01280_y90880.png,0.2252,622.69,172.0,628.11,178.56
ch2_ohr_ncp_20250304T1050453845_d_img_d18_x01920_y91520.png,0.2917,1.5,67.09,12.5,76.92
ch2_ohr_ncp_20250304T1050453845_d_img_d18_x02560_y85120.png,0.3093,232.55,562.93,315.55,595.04
ch2_ohr_ncp_20250304T1050453845_d_img_d18_x02560_y85120.png,0.2332,226.71,556.75,319.6,598.44
ch2_ohr_ncp_20250304T1050453845_d_img_d18_x03200_y92160.png,0.2912,537.81,263.91,543.58,269.81
ch2_ohr_ncp_20250304T1050453845_d_img_d18_x03200_y92160.png,0.2008,512.38,204.0,523.8,215.26
ch2_ohr_ncp_20250304T1050453845_d_img_d18_x03840_y85760.png,0.2768,203.27,395.43,208.3,400.14
ch2_ohr_ncp_20250304T1050453845_d_img_d18_x03840_y85760.png,0.2609,535.66,85.31,543.72,92.69
ch2_ohr_ncp_20250304T1050453845_d_img_d18_x03840_y85760.png,0.2064,238.82,529.54,247.61,537.1
ch2_ohr_ncp_20250304T1050453845_d_img_d18_x03840_y92800.png,0.3693,92.24,205.71,100.01,212.04
ch2_ohr_ncp_20250304T1050453845_d_img_d18_x04480_y90240.png,0.2961,141.81,526.51,150.33,543.29
ch2_ohr_ncp_20250304T1050453845_d_img_d18_x05120_y87040.png,0.2263,390.06,321.95,397.97,328.91
ch2_ohr_ncp_20250304T1050453845_d_img_d18_x07040_y92160.png,0.271,629.85,426.55,639.69,444.35
ch2_ohr_ncp_20250304T1050453845_d_img_d18_x08320_y96000.png,0.243,631.81,435.84,639.24,442.27
ch2_ohr_ncp_20250304T1050453845_d_img_d18_x08960_y96640.png,0.264,627.78,517.04,632.65,521.66
ch2_ohr_ncp_20250304T1050453845_d_img_d18_x09600_y97280.png,0.3834,388.0,283.51,394.27,288.32
ch2_ohr_ncp_20250304T1050453845_d_img_d18_x09600_y97280.png,0.3662,389.29,283.32,396.0,288.17
ch2_ohr_ncp_20250304T1050453845_d_img_d18_x09600_y97280.png,0.272,443.33,232.58,448.8,237.58
ch2_ohr_ncp_20250304T1050453845_d_img_d18_x09600_y97280.png,0.2208,466.43,224.67,470.07,228.84
ch2_ohr_ncp_20250304T1050453845_d_img_d18_x10240_y97920.png,0.6041,371.39,239.41,376.54,244.3
ch2_ohr_ncp_20250304T1050453845_d_img_d18_x10240_y97920.png,0.3998,201.41,86.18,207.59,92.5
ch2_ohr_ncp_20250304T1050453845_d_img_d18_x10240_y97920.png,0.3022,407.02,282.78,412.78,289.71
ch2_ohr_ncp_20250304T1050453845_d_img_d18_x10240_y97920.png,0.2969,228.0,62.39,232.87,68.15
ch2_ohr_ncp_20250304T1050453845_d_img_d18_x10880_y95360.png,0.2264,586.94,0.0,639.32,40.63
ch2_ohr_ncp_20250304T1050453845_d_img_d18_x10880_y98560.png,0.3444,570.2,295.78,574.65,300.65
ch2_ohr_ncp_20250304T1050453845_d_img_d18_x10880_y98560.png,0.2835,17.22,20.76,24.01,26.66
ch2_ohr_ncp_20250304T1050453845_d_img_d18_x10880_y98560.png,0.274,323.02,51.25,331.48,59.42
ch2_ohr_ncp_20250304T1050453845_d_img_d18_x10880_y98560.png,0.2173,318.65,58.54,324.04,62.81
ch2_ohr_ncp_20250304T1050453845_d_img_d18_x10880_y98560.png,0.2123,552.1,255.95,557.1,260.6
ch2_ohr_ncp_20250304T1050453845_d_img_d18_x11520_y92800.png,0.2871,1.33,524.08,31.1,586.54
ch2_ohr_ncp_20250304T1050453845_d_img_d18_x11520_y93440.png,0.5436,40.27,220.59,53.21,231.18
ch2_ohr_ncp_20250304T1050453845_d_img_d18_x11520_y93440.png,0.2469,26.67,301.71,32.35,308.5
ch2_ohr_ncp_20250304T1050453845_d_img_d18_x11520_y93440.png,0.2293,86.23,62.23,95.39,69.81
ch2_ohr_ncp_20250304T1050453845_d_img_d18_x11520_y93440.png,0.2054,194.43,90.63,202.62,99.42
ch2_ohr_ncp_20250304T1050453845_d_img_d18_x11520_y94080.png,0.5456,87.42,138.57,93.33,145.45
ch2_ohr_ncp_20250304T1050453845_d_img_d18_x11520_y94080.png,0.4918,166.54,530.61,172.01,535.67
ch2_ohr_ncp_20250304T1050453845_d_img_d18_x11520_y94080.png,0.3944,13.84,543.08,20.0,548.0
ch2_ohr_ncp_20250304T1050453845_d_img_d18_x11520_y94080.png,0.3886,317.07,492.54,324.95,500.33
ch2_ohr_ncp_20250304T1050453845_d_img_d18_x11520_y94080.png,0.3531,12.0,543.08,18.46,548.0
ch2_ohr_ncp_20250304T1050453845_d_img_d18_x11520_y94080.png,0.2068,233.55,380.0,238.82,385.29
ch2_ohr_ncp_20250304T1050453845_d_img_d18_x11520_y94720.png,0.6746,346.79,26.3,354.76,33.57
ch2_ohr_ncp_20250304T1050453845_d_img_d18_x11520_y94720.png,0.373,74.84,329.63,90.36,346.74
ch2_ohr_ncp_20250304T1050453845_d_img_d18_x11520_y94720.png,0.339,190.13,0.0,200.59,4.03
ch2_ohr_ncp_20250304T1050453845_d_img_d18_x11520_y94720.png,0.3267,347.74,394.29,353.69,400.99
ch2_ohr_ncp_20250304T1050453845_d_img_d18_x11520_y94720.png,0.3137,379.31,38.66,388.74,45.92
ch2_ohr_ncp_20250304T1050453845_d_img_d18_x11520_y95360.png,0.5096,21.49,561.51,28.71,568.77
ch2_ohr_ncp_20250304T1050453845_d_img_d18_x11520_y95360.png,0.4421,203.98,451.81,209.32,456.49
ch2_ohr_ncp_20250304T1050453845_d_img_d18_x11520_y95360.png,0.4363,208.57,474.88,226.17,489.61
ch2_ohr_ncp_20250304T1050453845_d_img_d18_x11520_y95360.png,0.2757,198.7,635.91,204.4,640.0
ch2_ohr_ncp_20250304T1050453845_d_img_d18_x11520_y95360.png,0.2677,153.88,255.74,159.4,261.11
ch2_ohr_ncp_20250304T1050453845_d_img_d18_x11520_y95360.png,0.2444,96.86,497.63,108.78,509.85
ch2_ohr_ncp_20250304T1050453845_d_img_d18_x11520_y95360.png,0.2243,160.85,573.84,167.9,580.84
ch2_ohr_ncp_20250304T1050453845_d_img_d18_x11520_y95360.png,0.2096,20.0,562.07,27.77,568.73
ch2_ohr_ncp_20250304T1050453845_d_img_d18_x11520_y95360.png,0.2064,318.68,158.63,325.6,169.36
ch2_ohr_ncp_20250304T1050453845_d_img_d18_x11520_y96000.png,0.6205,341.38,354.74,355.5,367.13
ch2_ohr_ncp_20250304T1050453845_d_img_d18_x11520_y96000.png,0.6124,191.36,451.18,198.26,457.27
ch2_ohr_ncp_20250304T1050453845_d_img_d18_x11520_y96000.png,0.5441,111.42,284.21,120.44,293.5
ch2_ohr_ncp_20250304T1050453845_d_img_d18_x11520_y96000.png,0.4456,347.97,264.72,354.86,270.23
ch2_ohr_ncp_20250304T1050453845_d_img_d18_x11520_y96000.png,0.4008,372.89,358.87,381.35,366.08
ch2_ohr_ncp_20250304T1050453845_d_img_d18_x11520_y96000.png,0.3458,34.83,463.16,40.78,468.66
ch2_ohr_ncp_20250304T1050453845_d_img_d18_x11520_y96000.png,0.2412,73.84,291.92,78.71,298.1
ch2_ohr_ncp_20250304T1050453845_d_img_d18_x11520_y96000.png,0.2385,19.98,488.84,26.18,494.55
ch2_ohr_ncp_20250304T1050453845_d_img_d18_x11520_y96000.png,0.2223,20.0,495.34,25.59,500.05
ch2_ohr_ncp_20250304T1050453845_d_img_d18_x11520_y96000.png,0.2076,113.75,26.43,118.08,30.42
ch2_ohr_ncp_20250304T1050453845_d_img_d18_x11520_y96000.png,0.2074,64.56,292.0,70.25,299.03
ch2_ohr_ncp_20250304T1050453845_d_img_d18_x11520_y96640.png,0.4408,165.37,494.53,175.76,505.02
ch2_ohr_ncp_20250304T1050453845_d_img_d18_x11520_y96640.png,0.3524,129.65,284.0,134.58,290.55
ch2_ohr_ncp_20250304T1050453845_d_img_d18_x11520_y96640.png,0.3012,14.79,380.52,22.35,391.44
ch2_ohr_ncp_20250304T1050453845_d_img_d18_x11520_y96640.png,0.2497,113.38,291.97,119.24,298.48
ch2_ohr_ncp_20250304T1050453845_d_img_d18_x11520_y96640.png,0.2227,129.52,285.41,134.34,292.0
ch2_ohr_ncp_20250304T1050453845_d_img_d18_x11520_y97280.png,0.4854,55.46,562.32,67.01,573.89
ch2_ohr_ncp_20250304T1050453845_d_img_d18_x11520_y97280.png,0.2547,123.87,58.16,130.52,65.79
ch2_ohr_ncp_20250304T1050453845_d_img_d18_x11520_y97280.png,0.2128,263.97,635.33,271.49,639.84
ch2_ohr_ncp_20250304T1050453845_d_img_d18_x11520_y97280.png,0.2069,43.84,391.97,49.64,397.87
ch2_ohr_ncp_20250304T1050453845_d_img_d18_x11520_y97920.png,0.5109,33.66,329.36,38.86,335.46
ch2_ohr_ncp_20250304T1050453845_d_img_d18_x11520_y97920.png,0.4197,14.64,536.06,20.01,540.91
ch2_ohr_ncp_20250304T1050453845_d_img_d18_x11520_y97920.png,0.297,120.27,151.63,125.28,157.01
ch2_ohr_ncp_20250304T1050453845_d_img_d18_x11520_y97920.png,0.2963,28.0,146.62,34.18,152.36
ch2_ohr_ncp_20250304T1050453845_d_img_d18_x11520_y98560.png,0.5478,176.08,577.87,180.54,582.57
ch2_ohr_ncp_20250304T1050453845_d_img_d18_x11520_y98560.png,0.4744,15.78,134.28,20.66,140.0
ch2_ohr_ncp_20250304T1050453845_d_img_d18_x11520_y98560.png,0.3691,53.88,89.52,60.01,95.94
ch2_ohr_ncp_20250304T1050453845_d_img_d18_x11520_y98560.png,0.3428,351.4,314.07,360.05,323.19
ch2_ohr_ncp_20250304T1050453845_d_img_d18_x11520_y98560.png,0.2654,7.91,127.18,16.97,136.11
ch2_ohr_ncp_20250304T1050453845_d_img_d18_x11520_y98560.png,0.2092,0.73,406.71,8.08,413.47
ch2_ohr_ncp_20250304T1050453845_d_img_d18_x11520_y98560.png,0.2063,52.0,425.86,56.4,429.09
ch2_ohr_ncp_20250304T1050453845_d_img_d18_x11520_y99200.png,0.2755,162.38,386.1,166.45,390.84
ch2_ohr_ncp_20250304T1249251285_d_img_d18_x00000_y81920.png,0.221,592.77,632.46,597.59,639.09
ch2_ohr_ncp_20250304T1249251285_d_img_d18_x00000_y90880.png,0.2282,209.57,277.52,245.56,348.99
ch2_ohr_ncp_20250304T1249251285_d_img_d18_x00640_y82560.png,0.5761,626.96,506.35,637.12,516.62
ch2_ohr_ncp_20250304T1249251285_d_img_d18_x00640_y82560.png,0.304,522.43,491.49,528.25,497.88
ch2_ohr_ncp_20250304T1249251285_d_img_d18_x00640_y83200.png,0.4905,161.41,586.6,165.58,591.31
ch2_ohr_ncp_20250304T1249251285_d_img_d18_x00640_y83200.png,0.4185,7.98,630.8,18.17,639.75
ch2_ohr_ncp_20250304T1249251285_d_img_d18_x00640_y83200.png,0.317,32.94,516.0,38.5,522.69
ch2_ohr_ncp_20250304T1249251285_d_img_d18_x00640_y83200.png,0.2893,181.61,543.5,188.0,548.38
ch2_ohr_ncp_20250304T1249251285_d_img_d18_x00640_y83200.png,0.2838,120.07,559.21,130.54,573.52
ch2_ohr_ncp_20250304T1249251285_d_img_d18_x00640_y83200.png,0.2709,175.71,549.92,183.24,557.73
ch2_ohr_ncp_20250304T1249251285_d_img_d18_x00640_y83200.png,0.2637,191.1,561.0,197.67,567.78
ch2_ohr_ncp_20250304T1249251285_d_img_d18_x00640_y83200.png,0.2435,32.63,523.85,38.03,529.38
ch2_ohr_ncp_20250304T1249251285_d_img_d18_x00640_y91520.png,0.2413,503.27,258.21,508.01,262.06
ch2_ohr_ncp_20250304T1249251285_d_img_d18_x01280_y92160.png,0.3697,167.65,19.67,173.13,25.63
ch2_ohr_ncp_20250304T1249251285_d_img_d18_x01920_y46720.png,0.5044,526.09,1.51,532.13,8.05
ch2_ohr_ncp_20250304T1249251285_d_img_d18_x01920_y65280.png,0.2951,134.47,11.48,141.75,18.58
ch2_ohr_ncp_20250304T1249251285_d_img_d18_x01920_y82560.png,0.3235,101.9,355.7,107.46,361.51
ch2_ohr_ncp_20250304T1249251285_d_img_d18_x01920_y83200.png,0.5021,574.26,67.18,580.06,74.89
ch2_ohr_ncp_20250304T1249251285_d_img_d18_x01920_y92160.png,0.413,594.68,103.1,600.01,107.53
ch2_ohr_ncp_20250304T1249251285_d_img_d18_x01920_y92160.png,0.2824,503.13,293.29,508.07,296.98
ch2_ohr_ncp_20250304T1249251285_d_img_d18_x02560_y83840.png,0.4466,17.59,609.65,23.29,615.33
ch2_ohr_ncp_20250304T1249251285_d_img_d18_x02560_y83840.png,0.331,4.26,626.21,12.13,634.7
ch2_ohr_ncp_20250304T1249251285_d_img_d18_x02560_y92800.png,0.2872,363.84,287.42,370.88,293.45
ch2_ohr_ncp_20250304T1249251285_d_img_d18_x02560_y92800.png,0.2468,34.14,0.03,39.67,4.73
ch2_ohr_ncp_20250304T1249251285_d_img_d18_x03200_y83840.png,0.2986,430.83,544.5,436.84,550.2
ch2_ohr_ncp_20250304T1249251285_d_img_d18_x03200_y83840.png,0.2579,378.22,565.7,385.12,574.15
ch2_ohr_ncp_20250304T1249251285_d_img_d18_x03200_y83840.png,0.2419,474.95,633.64,486.02,640.0
ch2_ohr_ncp_20250304T1249251285_d_img_d18_x03200_y84480.png,0.2136,117.95,627.02,123.12,633.07
ch2_ohr_ncp_20250304T1249251285_d_img_d18_x03200_y93440.png,0.4174,613.22,248.95,620.25,255.38
ch2_ohr_ncp_20250304T1249251285_d_img_d18_x03200_y93440.png,0.2285,0.54,136.52,46.17,196.61
ch2_ohr_ncp_20250304T1249251285_d_img_d18_x03840_y85120.png,0.3978,69.57,540.0,76.46,546.3
ch2_ohr_ncp_20250304T1249251285_d_img_d18_x03840_y93440.png,0.2229,402.23,45.18,409.83,52.89
ch2_ohr_ncp_20250304T1249251285_d_img_d18_x04480_y46080.png,0.2277,358.09,0.1,365.34,4.03
ch2_ohr_ncp_20250304T1249251285_d_img_d18_x04480_y85760.png,0.2403,133.6,365.85,141.9,374.66
ch2_ohr_ncp_20250304T1249251285_d_img_d18_x05120_y87680.png,0.2208,418.53,25.91,424.94,32.23
ch2_ohr_ncp_20250304T1249251285_d_img_d18_x05760_y51840.png,0.3168,99.63,8.1,108.79,18.41
ch2_ohr_ncp_20250304T1249251285_d_img_d18_x05760_y51840.png,0.3136,123.74,16.83,134.89,28.58
ch2_ohr_ncp_20250304T1249251285_d_img_d18_x05760_y51840.png,0.2946,138.61,3.03,148.45,12.08
ch2_ohr_ncp_20250304T1249251285_d_img_d18_x05760_y86400.png,0.2536,447.26,527.4,454.1,533.32
ch2_ohr_ncp_20250304T1249251285_d_img_d18_x05760_y88320.png,0.2125,550.91,0.3,587.03,28.89
ch2_ohr_ncp_20250304T1249251285_d_img_d18_x05760_y95360.png,0.4795,383.64,278.56,389.91,284.87
ch2_ohr_ncp_20250304T1249251285_d_img_d18_x05760_y95360.png,0.2167,267.97,136.07,274.91,143.54
ch2_ohr_ncp_20250304T1249251285_d_img_d18_x07680_y91520.png,0.2096,10.05,531.99,19.09,542.6
ch2_ohr_ncp_20250304T1249251285_d_img_d18_x07680_y97280.png,0.3193,432.07,622.78,439.59,629.79
ch2_ohr_ncp_20250304T1249251285_d_img_d18_x08320_y89600.png,0.3194,0.02,207.1,4.13,216.03
ch2_ohr_ncp_20250304T1249251285_d_img_d18_x08320_y89600.png,0.2916,13.49,201.79,20.01,207.15
ch2_ohr_ncp_20250304T1249251285_d_img_d18_x08320_y89600.png,0.2725,83.92,224.98,90.89,231.63
ch2_ohr_ncp_20250304T1249251285_d_img_d18_x08320_y89600.png,0.2326,153.57,187.72,163.49,195.82
ch2_ohr_ncp_20250304T1249251285_d_img_d18_x08320_y98560.png,0.2588,555.69,150.99,561.74,156.13
ch2_ohr_ncp_20250304T1249251285_d_img_d18_x08320_y98560.png,0.2584,471.88,197.26,477.76,202.36
ch2_ohr_ncp_20250304T1249251285_d_img_d18_x08320_y98560.png,0.2545,496.82,376.76,503.17,382.78
ch2_ohr_ncp_20250304T1249251285_d_img_d18_x08320_y98560.png,0.2364,547.89,267.89,552.59,272.39
ch2_ohr_ncp_20250304T1249251285_d_img_d18_x08960_y99200.png,0.5949,562.75,210.63,568.51,218.56
ch2_ohr_ncp_20250304T1249251285_d_img_d18_x08960_y99200.png,0.4396,532.0,145.44,537.49,150.06
ch2_ohr_ncp_20250304T1249251285_d_img_d18_x08960_y99200.png,0.3978,576.64,144.74,582.41,150.46
ch2_ohr_ncp_20250304T1249251285_d_img_d18_x08960_y99200.png,0.3946,448.98,33.98,454.37,39.73
ch2_ohr_ncp_20250304T1249251285_d_img_d18_x08960_y99200.png,0.3674,302.03,368.21,308.01,376.11
ch2_ohr_ncp_20250304T1249251285_d_img_d18_x08960_y99200.png,0.2658,533.5,145.44,537.83,152.0
ch2_ohr_ncp_20250304T1249251285_d_img_d18_x08960_y99200.png,0.2611,510.53,16.89,516.07,21.96
ch2_ohr_ncp_20250304T1249251285_d_img_d18_x08960_y99200.png,0.2549,539.99,134.54,545.2,140.0
ch2_ohr_ncp_20250304T1249251285_d_img_d18_x08960_y99200.png,0.2398,293.89,340.03,299.62,345.6
ch2_ohr_ncp_20250304T1249251285_d_img_d18_x08960_y99200.png,0.2225,528.12,164.0,533.29,168.75
ch2_ohr_ncp_20250304T1249251285_d_img_d18_x08960_y99200.png,0.2008,393.6,160.14,398.58,165.55
ch2_ohr_ncp_20250304T1249251285_d_img_d18_x09600_y100480.png,0.53,633.76,307.22,638.72,313.41
ch2_ohr_ncp_20250304T1249251285_d_img_d18_x09600_y99200.png,0.3542,222.29,66.13,236.96,91.51
ch2_ohr_ncp_20250304T1249251285_d_img_d18_x09600_y99840.png,0.3729,635.98,599.04,639.71,604.23
ch2_ohr_ncp_20250304T1249251285_d_img_d18_x09600_y99840.png,0.2572,486.96,373.21,490.91,377.77
ch2_ohr_ncp_20250304T1249251285_d_img_d18_x09600_y99840.png,0.2159,164.22,165.82,169.09,170.75
ch2_ohr_ncp_20250304T1249251285_d_img_d18_x09600_y99840.png,0.2031,95.06,235.97,101.01,240.89
ch2_ohr_ncp_20250304T1249251285_d_img_d18_x10240_y100480.png,0.6479,541.58,95.92,549.88,106.52
ch2_ohr_ncp_20250304T1249251285_d_img_d18_x10240_y100480.png,0.6119,587.29,163.88,591.15,168.11
ch2_ohr_ncp_20250304T1249251285_d_img_d18_x10240_y100480.png,0.3662,586.24,110.28,590.58,116.0
ch2_ohr_ncp_20250304T1249251285_d_img_d18_x10240_y100480.png,0.2621,613.28,0.0,626.89,6.31
ch2_ohr_ncp_20250304T1249251285_d_img_d18_x10240_y100480.png,0.2225,587.81,277.09,596.27,285.49
ch2_ohr_ncp_20250304T1249251285_d_img_d18_x10240_y100480.png,0.2066,550.89,24.07,576.27,50.72
ch2_ohr_ncp_20250304T1249251285_d_img_d18_x10240_y92800.png,0.2111,15.33,633.92,21.21,639.15
ch2_ohr_ncp_20250304T1249251285_d_img_d18_x10240_y99840.png,0.4075,609.24,172.31,615.67,187.7
ch2_ohr_ncp_20250304T1249251285_d_img_d18_x10880_y100480.png,0.3543,442.91,360.53,450.2,368.19
ch2_ohr_ncp_20250304T1249251285_d_img_d18_x10880_y100480.png,0.3247,389.38,189.48,398.65,201.51
ch2_ohr_ncp_20250304T1249251285_d_img_d18_x10880_y100480.png,0.2817,548.38,182.44,557.13,199.53
ch2_ohr_ncp_20250304T1249251285_d_img_d18_x10880_y100480.png,0.2171,241.79,201.7,246.63,207.97
ch2_ohr_ncp_20250304T1249251285_d_img_d18_x10880_y100480.png,0.2032,245.72,268.96,252.14,276.01
ch2_ohr_ncp_20250304T1249251285_d_img_d18_x10880_y93440.png,0.228,387.4,289.74,393.03,295.59
ch2_ohr_ncp_20250304T1249251285_d_img_d18_x10880_y94720.png,0.4128,62.82,606.63,69.56,614.19
ch2_ohr_ncp_20250304T1249251285_d_img_d18_x10880_y94720.png,0.3383,399.48,365.39,406.46,373.22
ch2_ohr_ncp_20250304T1249251285_d_img_d18_x10880_y94720.png,0.2596,86.5,628.76,91.78,634.38
ch2_ohr_ncp_20250304T1249251285_d_img_d18_x10880_y94720.png,0.217,414.28,515.98,420.01,521.17
ch2_ohr_ncp_20250304T1249251285_d_img_d18_x10880_y94720.png,0.2137,20.99,230.86,81.57,262.32
ch2_ohr_ncp_20250304T1249251285_d_img_d18_x10880_y94720.png,0.2122,400.34,364.0,407.03,373.52
ch2_ohr_ncp_20250304T1249251285_d_img_d18_x11520_y100480.png,0.241,392.67,553.72,399.21,559.07
ch2_ohr_ncp_20250304T1249251285_d_img_d18_x11520_y94720.png,0.2258,0.47,568.62,7.02,576.42
ch2_ohr_ncp_20250304T1249251285_d_img_d18_x11520_y95360.png,0.5086,375.98,415.3,382.45,422.1
ch2_ohr_ncp_20250304T1249251285_d_img_d18_x11520_y95360.png,0.3084,32.74,120.83,38.39,126.39
ch2_ohr_ncp_20250304T1249251285_d_img_d18_x11520_y96000.png,0.6893,416.71,248.37,422.8,254.53
ch2_ohr_ncp_20250304T1249251285_d_img_d18_x11520_y96000.png,0.5574,55.47,547.8,61.54,553.54
ch2_ohr_ncp_20250304T1249251285_d_img_d18_x11520_y96000.png,0.4474,53.65,0.02,65.83,4.43
ch2_ohr_ncp_20250304T1249251285_d_img_d18_x11520_y96000.png,0.3153,22.36,429.49,28.04,436.03
ch2_ohr_ncp_20250304T1249251285_d_img_d18_x11520_y96000.png,0.3079,97.04,554.77,102.0,560.92
ch2_ohr_ncp_20250304T1249251285_d_img_d18_x11520_y96000.png,0.278,139.37,1.76,144.28,6.89
ch2_ohr_ncp_20250304T1249251285_d_img_d18_x11520_y96000.png,0.2368,99.96,204.0,104.06,208.94
ch2_ohr_ncp_20250304T1249251285_d_img_d18_x11520_y96640.png,0.4812,8.91,16.37,16.12,23.1
ch2_ohr_ncp_20250304T1249251285_d_img_d18_x11520_y96640.png,0.4585,23.44,40.11,29.89,46.99
ch2_ohr_ncp_20250304T1249251285_d_img_d18_x11520_y96640.png,0.4468,155.68,57.95,164.65,68.37
ch2_ohr_ncp_20250304T1249251285_d_img_d18_x11520_y96640.png,0.3895,129.38,576.57,134.87,581.49
ch2_ohr_ncp_20250304T1249251285_d_img_d18_x11520_y96640.png,0.3251,32.79,143.26,37.69,148.54
ch2_ohr_ncp_20250304T1249251285_d_img_d18_x11520_y96640.png,0.2919,135.23,117.67,139.32,121.85
ch2_ohr_ncp_20250304T1249251285_d_img_d18_x11520_y97280.png,0.4352,72.43,100.0,76.79,105.51
ch2_ohr_ncp_20250304T1249251285_d_img_d18_x11520_y97280.png,0.3057,402.75,146.38,409.39,152.57
ch2_ohr_ncp_20250304T1249251285_d_img_d18_x11520_y97280.png,0.2892,313.6,17.78,318.29,22.99
ch2_ohr_ncp_20250304T1249251285_d_img_d18_x11520_y98560.png,0.551,352.98,401.81,361.47,410.76
ch2_ohr_ncp_20250304T1249251285_d_img_d18_x11520_y99200.png,0.3303,235.84,86.2,243.01,94.19
ch2_ohr_ncp_20250304T1249251285_d_img_d18_x11520_y99200.png,0.3281,37.69,99.5,44.02,106.05
ch2_ohr_ncp_20250304T1249251285_d_img_d18_x11520_y99200.png,0.2922,193.48,91.28,198.33,96.33
ch2_ohr_ncp_20250304T1249251285_d_img_d18_x11520_y99200.png,0.2425,119.47,191.52,127.58,203.57
ch2_ohr_ncp_20250304T1249251285_d_img_d18_x11520_y99200.png,0.2093,36.0,99.73,43.17,106.26
ch2_ohr_ncp_20250304T1249251285_d_img_d18_x11520_y99840.png,0.2272,319.23,584.94,326.18,592.06
ch2_ohr_ncp_20251007T0659402125_d_img_d18_x09600_y60160.png,0.2443,344.58,11.72,350.13,17.77
ch2_ohr_ncp_20251007T0659402125_d_img_d18_x10240_y60800.png,0.3897,94.16,87.84,100.91,97.25
ch2_ohr_ncp_20251007T0659402125_d_img_d18_x10880_y65280.png,0.2748,50.17,7.84,56.94,14.09
ch2_ohr_ncp_20251007T0659402125_d_img_d18_x11520_y58240.png,0.2335,52.0,229.47,58.23,236.32
ch2_ohr_ncp_20251007T0659402125_d_img_d18_x11520_y58240.png,0.2067,128.2,412.6,135.69,422.01
ch2_ohr_ncp_20251009T1006356898_d_img_d18_x01280_y84480.png,0.2215,233.27,630.06,238.58,636.02
ch2_ohr_ncp_20251009T1006356898_d_img_d18_x01920_y83840.png,0.4953,632.51,90.15,638.62,101.58
ch2_ohr_ncp_20251009T1006356898_d_img_d18_x01920_y86400.png,0.2539,210.6,269.63,223.03,281.52
ch2_ohr_ncp_20251009T1006356898_d_img_d18_x01920_y86400.png,0.2029,185.15,291.99,190.93,298.77
ch2_ohr_ncp_20251009T1006356898_d_img_d18_x02560_y77440.png,0.4334,593.56,290.39,600.38,297.54
ch2_ohr_ncp_20251009T1006356898_d_img_d18_x03840_y76800.png,0.2385,603.13,230.51,608.12,236.16
ch2_ohr_ncp_20251009T1006356898_d_img_d18_x03840_y76800.png,0.2032,631.91,533.0,638.35,538.63
ch2_ohr_ncp_20251009T1006356898_d_img_d18_x04480_y72960.png,0.2145,346.78,0.04,354.34,4.12
ch2_ohr_ncp_20251009T1006356898_d_img_d18_x05120_y78720.png,0.4241,2.08,138.62,40.44,186.43
ch2_ohr_ncp_20251009T1006356898_d_img_d18_x08960_y61440.png,0.2568,635.24,273.99,639.97,283.79
ch2_ohr_ncp_20251009T1006356898_d_img_d18_x10240_y58240.png,0.3578,464.49,218.14,469.28,225.23
ch2_ohr_ncp_20251009T1006356898_d_img_d18_x10240_y60800.png,0.2255,624.79,27.29,629.98,35.64
ch2_ohr_ncp_20251009T1006356898_d_img_d18_x10240_y97920.png,0.4743,247.25,0.03,253.85,4.65
ch2_ohr_ncp_20251009T1006356898_d_img_d18_x11520_y60800.png,0.2509,107.1,80.34,111.78,86.58
ch2_ohr_ncp_20251009T1006356898_d_img_d18_x11520_y72320.png,0.2331,0.0,211.07,31.98,317.54
ch2_ohr_ncp_20251009T1006356898_d_img_d18_x11520_y93440.png,0.2023,2.81,171.13,42.09,214.53
ch2_ohr_ncp_20251009T1205142094_d_img_d18_x00000_y82560.png,0.3647,435.32,486.01,439.98,492.07
ch2_ohr_ncp_20251009T1205142094_d_img_d18_x00000_y85120.png,0.2393,603.1,546.95,608.2,555.1
ch2_ohr_ncp_20251009T1205142094_d_img_d18_x00000_y85760.png,0.3196,10.33,220.69,18.12,228.49
ch2_ohr_ncp_20251009T1205142094_d_img_d18_x00640_y80000.png,0.5102,634.15,245.23,639.72,257.35
ch2_ohr_ncp_20251009T1205142094_d_img_d18_x00640_y85120.png,0.5411,344.03,19.28,349.99,26.67
ch2_ohr_ncp_20251009T1205142094_d_img_d18_x00640_y85120.png,0.2886,328.1,52.35,335.83,62.93
ch2_ohr_ncp_20251009T1205142094_d_img_d18_x00640_y88320.png,0.2332,269.23,30.48,282.08,47.14
ch2_ohr_ncp_20251009T1205142094_d_img_d18_x01280_y81280.png,0.2033,603.03,22.22,611.25,30.09
ch2_ohr_ncp_20251009T1205142094_d_img_d18_x01920_y77440.png,0.394,487.33,149.56,494.34,157.91
ch2_ohr_ncp_20251009T1205142094_d_img_d18_x01920_y77440.png,0.2134,451.92,156.9,458.52,164.95
ch2_ohr_ncp_20251009T1205142094_d_img_d18_x05760_y79360.png,0.2004,442.21,622.44,448.77,629.38
ch2_ohr_ncp_20251009T1205142094_d_img_d18_x08960_y60800.png,0.3661,624.93,176.84,629.53,181.89
ch2_ohr_ncp_20251009T1205142094_d_img_d18_x08960_y60800.png,0.3252,560.35,125.08,565.24,132.02
ch2_ohr_ncp_20251009T1205142094_d_img_d18_x08960_y60800.png,0.3193,562.62,35.53,569.6,43.83
ch2_ohr_ncp_20251009T1205142094_d_img_d18_x08960_y62720.png,0.2249,633.19,13.99,638.36,21.11
ch2_ohr_ncp_20251009T1205142094_d_img_d18_x09600_y67840.png,0.3494,633.67,385.72,639.87,397.92
ch2_ohr_ncp_20251009T1205142094_d_img_d18_x09600_y96000.png,0.2573,634.42,251.17,639.95,264.63
ch2_ohr_ncp_20251009T1205142094_d_img_d18_x09600_y98560.png,0.2139,563.99,453.35,570.09,461.0
ch2_ohr_ncp_20251009T1205142094_d_img_d18_x10240_y57600.png,0.3599,635.99,22.85,639.87,31.0
ch2_ohr_ncp_20251009T1205142094_d_img_d18_x10240_y57600.png,0.2581,595.97,72.93,603.91,81.27
ch2_ohr_ncp_20251009T1205142094_d_img_d18_x10240_y58240.png,0.2209,449.13,10.44,454.76,18.76
ch2_ohr_ncp_20251009T1205142094_d_img_d18_x10240_y58880.png,0.2647,176.46,278.99,182.28,286.43
ch2_ohr_ncp_20251009T1205142094_d_img_d18_x10240_y58880.png,0.2062,10.22,219.86,18.51,229.69
ch2_ohr_ncp_20251009T1205142094_d_img_d18_x10240_y58880.png,0.2059,0.0,66.52,5.06,74.0
ch2_ohr_ncp_20251009T1205142094_d_img_d18_x10240_y94720.png,0.3785,206.43,107.82,212.41,117.41
ch2_ohr_ncp_20251009T1205142094_d_img_d18_x10240_y99840.png,0.4794,634.63,19.99,639.03,26.11
ch2_ohr_ncp_20251009T1205142094_d_img_d18_x10240_y99840.png,0.2996,567.97,21.01,574.4,26.7
ch2_ohr_ncp_20251009T1205142094_d_img_d18_x10880_y93440.png,0.3119,537.77,309.03,541.87,316.12
ch2_ohr_ncp_20251009T1205142094_d_img_d18_x10880_y94080.png,0.2412,265.86,27.82,270.44,34.36
ch2_ohr_ncp_20251009T1205142094_d_img_d18_x11520_y57600.png,0.2304,264.64,621.52,269.14,628.02
ch2_ohr_ncp_20251009T1205142094_d_img_d18_x11520_y59520.png,0.2822,59.91,79.32,64.57,85.62
ch2_ohr_ncp_20251009T1205142094_d_img_d18_x11520_y59520.png,0.269,103.96,319.73,112.83,329.98
ch2_ohr_ncp_20251009T1205142094_d_img_d18_x11520_y59520.png,0.2279,85.43,242.33,90.64,248.3
ch2_ohr_ncp_20251009T1205142094_d_img_d18_x11520_y59520.png,0.2137,154.89,136.9,160.78,145.19
ch2_ohr_ncp_20251009T1205142094_d_img_d18_x11520_y60160.png,0.318,0.07,320.09,4.76,328.3
ch2_ohr_ncp_20251009T1205142094_d_img_d18_x11520_y62720.png,0.24,48.94,586.1,55.09,592.45
ch2_ohr_ncp_20251009T1205142094_d_img_d18_x11520_y63360.png,0.3173,71.94,373.23,76.44,378.38
ch2_ohr_ncp_20251009T1205142094_d_img_d18_x11520_y64000.png,0.2398,25.54,164.0,28.88,170.22
ch2_ohr_ncp_20251009T1205142094_d_img_d18_x11520_y67200.png,0.4377,15.95,396.0,20.71,402.45
ch2_ohr_ncp_20251009T1205142094_d_img_d18_x11520_y67200.png,0.3424,0.0,386.56,4.0,391.53
ch2_ohr_ncp_20251009T1205142094_d_img_d18_x11520_y67200.png,0.2754,39.98,293.76,45.83,301.97
ch2_ohr_ncp_20251009T1205142094_d_img_d18_x11520_y67200.png,0.268,38.85,402.75,44.85,408.87
ch2_ohr_ncp_20251009T1205142094_d_img_d18_x11520_y67200.png,0.2075,41.38,293.46,46.28,301.86
ch2_ohr_ncp_20251009T1205142094_d_img_d18_x11520_y67840.png,0.2146,51.91,635.87,57.26,639.85
ch2_ohr_ncp_20251009T1205142094_d_img_d18_x11520_y69760.png,0.2833,44.0,483.64,50.44,489.85
ch2_ohr_ncp_20251009T1205142094_d_img_d18_x11520_y69760.png,0.2358,45.34,483.62,52.0,489.96
ch2_ohr_ncp_20251009T1205142094_d_img_d18_x11520_y71680.png,0.2233,72.25,93.42,76.79,100.06
ch2_ohr_ncp_20251009T1205142094_d_img_d18_x11520_y71680.png,0.2064,60.0,98.47,65.59,103.95
ch2_ohr_ncp_20251009T1205142094_d_img_d18_x11520_y76800.png,0.2065,266.5,310.33,272.06,318.29
ch2_ohr_ncp_20251009T1205142094_d_img_d18_x11520_y80000.png,0.3298,0.0,533.18,4.0,541.43
ch2_ohr_ncp_20251009T1205142094_d_img_d18_x11520_y80000.png,0.3286,137.89,495.41,144.38,502.67
ch2_ohr_ncp_20251009T1205142094_d_img_d18_x11520_y80000.png,0.294,0.03,406.83,4.0,413.95
ch2_ohr_ncp_20251009T1205142094_d_img_d18_x11520_y80000.png,0.237,21.26,514.78,26.42,520.29
ch2_ohr_ncp_20251010T1140338327_d_img_d18_x00000_y91520.png,0.2345,520.74,195.3,526.67,202.63
ch2_ohr_ncp_20251010T1140338327_d_img_d18_x00640_y92800.png,0.3827,634.61,14.72,639.38,23.25
ch2_ohr_ncp_20251010T1140338327_d_img_d18_x00640_y94080.png,0.2732,631.79,0.1,637.67,4.3
ch2_ohr_ncp_20251010T1140338327_d_img_d18_x01280_y72960.png,0.3697,136.14,43.72,140.82,49.26
ch2_ohr_ncp_20251010T1140338327_d_img_d18_x01280_y72960.png,0.2184,166.29,18.34,172.61,24.66
ch2_ohr_ncp_20251010T1140338327_d_img_d18_x01920_y71040.png,0.2459,503.51,111.32,508.08,116.63
ch2_ohr_ncp_20251010T1140338327_d_img_d18_x01920_y92160.png,0.4443,632.89,440.67,639.35,451.8
ch2_ohr_ncp_20251010T1140338327_d_img_d18_x01920_y92160.png,0.3429,409.38,524.71,414.99,533.19
ch2_ohr_ncp_20251010T1140338327_d_img_d18_x01920_y92160.png,0.3027,592.73,445.35,596.67,452.01
ch2_ohr_ncp_20251010T1140338327_d_img_d18_x01920_y92160.png,0.2961,632.51,215.9,636.42,221.34
ch2_ohr_ncp_20251010T1140338327_d_img_d18_x01920_y92160.png,0.2561,603.89,440.96,608.48,446.46
ch2_ohr_ncp_20251010T1140338327_d_img_d18_x01920_y92160.png,0.2474,592.46,444.0,596.44,451.19
ch2_ohr_ncp_20251010T1140338327_d_img_d18_x01920_y92160.png,0.2222,19.99,29.23,25.57,37.53
ch2_ohr_ncp_20251010T1140338327_d_img_d18_x03200_y65280.png,0.3276,624.15,306.42,630.0,314.34
ch2_ohr_ncp_20251010T1140338327_d_img_d18_x03200_y71040.png,0.223,198.2,125.99,235.6,160.76
ch2_ohr_ncp_20251010T1140338327_d_img_d18_x03840_y76800.png,0.3422,100.79,511.44,132.89,548.27
ch2_ohr_ncp_20251010T1140338327_d_img_d18_x03840_y97920.png,0.2567,56.28,3.77,62.35,10.42
ch2_ohr_ncp_20251010T1140338327_d_img_d18_x04480_y100480.png,0.3188,615.42,10.3,621.24,17.73
ch2_ohr_ncp_20251010T1140338327_d_img_d18_x05120_y72320.png,0.255,67.39,25.9,73.1,32.78
ch2_ohr_ncp_20251010T1140338327_d_img_d18_x05120_y72960.png,0.2681,399.72,41.88,404.88,48.94
ch2_ohr_ncp_20251010T1140338327_d_img_d18_x05120_y73600.png,0.2194,625.96,612.66,632.04,618.34
ch2_ohr_ncp_20251010T1140338327_d_img_d18_x05120_y89600.png,0.2199,631.91,419.86,637.55,427.7
ch2_ohr_ncp_20251010T1140338327_d_img_d18_x05120_y91520.png,0.2397,7.51,42.84,12.64,49.56
ch2_ohr_ncp_20251010T1140338327_d_img_d18_x06400_y100480.png,0.2006,449.49,26.47,456.51,33.36
ch2_ohr_ncp_20251010T1140338327_d_img_d18_x07040_y100480.png,0.223,312.69,130.79,318.27,139.01
ch2_ohr_ncp_20251010T1140338327_d_img_d18_x07040_y100480.png,0.2221,345.01,348.05,350.11,357.97
ch2_ohr_ncp_20251010T1140338327_d_img_d18_x07040_y94720.png,0.4893,632.93,380.57,638.82,391.34
ch2_ohr_ncp_20251010T1140338327_d_img_d18_x07040_y94720.png,0.3472,625.0,403.19,630.3,411.51
ch2_ohr_ncp_20251010T1140338327_d_img_d18_x07680_y100480.png,0.4936,185.24,323.56,191.41,331.49
ch2_ohr_ncp_20251010T1140338327_d_img_d18_x07680_y100480.png,0.3197,381.76,243.99,388.03,253.17
ch2_ohr_ncp_20251010T1140338327_d_img_d18_x07680_y100480.png,0.227,88.45,187.17,94.29,196.71
ch2_ohr_ncp_20251010T1140338327_d_img_d18_x07680_y100480.png,0.209,86.58,68.6,92.55,76.85
ch2_ohr_ncp_20251010T1140338327_d_img_d18_x08320_y100480.png,0.4115,466.8,62.98,471.5,69.04
ch2_ohr_ncp_20251010T1140338327_d_img_d18_x08320_y100480.png,0.3264,559.62,220.55,565.49,229.04
ch2_ohr_ncp_20251010T1140338327_d_img_d18_x08320_y100480.png,0.2479,635.66,0.46,639.79,11.96
ch2_ohr_ncp_20251010T1140338327_d_img_d18_x08320_y100480.png,0.2398,495.47,91.55,502.24,100.96
ch2_ohr_ncp_20251010T1140338327_d_img_d18_x08320_y59520.png,0.2181,626.19,515.82,631.17,522.57
ch2_ohr_ncp_20251010T1140338327_d_img_d18_x08320_y65920.png,0.3714,615.94,20.46,621.02,26.83
ch2_ohr_ncp_20251010T1140338327_d_img_d18_x08960_y100480.png,0.4735,110.0,89.88,116.06,97.54
ch2_ohr_ncp_20251010T1140338327_d_img_d18_x08960_y100480.png,0.3983,7.12,124.27,12.8,132.73
ch2_ohr_ncp_20251010T1140338327_d_img_d18_x08960_y100480.png,0.3684,97.41,382.51,102.38,389.47
ch2_ohr_ncp_20251010T1140338327_d_img_d18_x08960_y100480.png,0.2617,274.66,142.33,278.53,148.16
ch2_ohr_ncp_20251010T1140338327_d_img_d18_x08960_y100480.png,0.2536,26.3,114.75,30.63,121.03
ch2_ohr_ncp_20251010T1140338327_d_img_d18_x08960_y100480.png,0.2163,177.85,76.0,181.8,82.0
ch2_ohr_ncp_20251010T1140338327_d_img_d18_x08960_y60160.png,0.3822,249.96,263.82,256.19,270.41
ch2_ohr_ncp_20251010T1140338327_d_img_d18_x08960_y60160.png,0.2247,201.79,169.03,206.39,174.87
ch2_ohr_ncp_20251010T1140338327_d_img_d18_x08960_y60160.png,0.2198,192.39,223.43,197.37,229.6
ch2_ohr_ncp_20251010T1140338327_d_img_d18_x08960_y94720.png,0.2899,84.48,270.26,118.23,335.17
ch2_ohr_ncp_20251010T1140338327_d_img_d18_x09600_y100480.png,0.5953,203.87,78.02,208.72,85.65
ch2_ohr_ncp_20251010T1140338327_d_img_d18_x09600_y100480.png,0.3218,526.03,138.38,532.0,143.67
ch2_ohr_ncp_20251010T1140338327_d_img_d18_x09600_y100480.png,0.2943,320.37,354.96,324.97,361.99
ch2_ohr_ncp_20251010T1140338327_d_img_d18_x09600_y100480.png,0.2844,539.84,149.61,547.67,156.15
ch2_ohr_ncp_20251010T1140338327_d_img_d18_x09600_y100480.png,0.2767,24.82,157.55,29.24,164.01
ch2_ohr_ncp_20251010T1140338327_d_img_d18_x09600_y100480.png,0.2688,520.79,230.41,524.36,236.38
ch2_ohr_ncp_20251010T1140338327_d_img_d18_x09600_y100480.png,0.2679,529.85,118.11,533.94,124.65
ch2_ohr_ncp_20251010T1140338327_d_img_d18_x09600_y100480.png,0.249,524.0,138.42,529.98,143.4
ch2_ohr_ncp_20251010T1140338327_d_img_d18_x09600_y100480.png,0.2099,592.28,187.97,596.39,193.85
ch2_ohr_ncp_20251010T1140338327_d_img_d18_x09600_y100480.png,0.2058,587.99,171.98,593.14,177.69
ch2_ohr_ncp_20251010T1140338327_d_img_d18_x09600_y58880.png,0.2104,632.27,341.78,638.36,348.59
ch2_ohr_ncp_20251010T1140338327_d_img_d18_x09600_y90240.png,0.3158,209.29,627.15,219.45,639.48
ch2_ohr_ncp_20251010T1140338327_d_img_d18_x09600_y90240.png,0.2372,276.0,623.55,281.42,631.08
ch2_ohr_ncp_20251010T1140338327_d_img_d18_x10240_y100480.png,0.453,555.97,256.88,561.62,264.07
ch2_ohr_ncp_20251010T1140338327_d_img_d18_x10240_y100480.png,0.4248,116.0,289.13,120.86,294.77
ch2_ohr_ncp_20251010T1140338327_d_img_d18_x10240_y100480.png,0.2702,564.0,514.89,569.46,519.2
ch2_ohr_ncp_20251010T1140338327_d_img_d18_x10240_y100480.png,0.2694,116.94,288.96,121.32,296.0
ch2_ohr_ncp_20251010T1140338327_d_img_d18_x10240_y100480.png,0.2678,118.95,68.82,124.01,76.38
ch2_ohr_ncp_20251010T1140338327_d_img_d18_x10240_y100480.png,0.2439,360.54,264.93,364.65,270.52
ch2_ohr_ncp_20251010T1140338327_d_img_d18_x10240_y100480.png,0.2061,633.63,540.95,639.21,555.55
ch2_ohr_ncp_20251010T1140338327_d_img_d18_x10240_y100480.png,0.2042,25.15,277.1,30.62,284.07
ch2_ohr_ncp_20251010T1140338327_d_img_d18_x10240_y56960.png,0.4844,110.85,246.5,116.15,253.22
ch2_ohr_ncp_20251010T1140338327_d_img_d18_x10240_y56960.png,0.3225,175.6,381.48,181.2,389.42
ch2_ohr_ncp_20251010T1140338327_d_img_d18_x10240_y56960.png,0.2189,49.25,445.69,54.2,452.21
ch2_ohr_ncp_20251010T1140338327_d_img_d18_x10880_y100480.png,0.3901,584.33,122.64,590.81,131.98
ch2_ohr_ncp_20251010T1140338327_d_img_d18_x10880_y100480.png,0.2576,609.97,161.72,615.13,171.69
ch2_ohr_ncp_20251010T1140338327_d_img_d18_x10880_y100480.png,0.2498,513.4,101.94,517.81,108.8
ch2_ohr_ncp_20251010T1140338327_d_img_d18_x11520_y100480.png,0.2632,91.15,313.07,95.96,319.72
ch2_ohr_ncp_20251010T1140338327_d_img_d18_x11520_y58880.png,0.2048,152.84,250.3,158.11,258.92
ch2_ohr_ncp_20251010T1140338327_d_img_d18_x11520_y59520.png,0.2171,105.45,18.32,110.32,24.91
ch2_ohr_ncp_20251010T1140338327_d_img_d18_x11520_y64000.png,0.2196,0.04,90.49,24.57,143.63
ch2_ohr_ncp_20251010T1140338327_d_img_d18_x11520_y98560.png,0.2241,197.55,404.19,203.73,413.74
ch2_ohr_ncp_20251010T1140338327_d_img_d18_x11520_y98560.png,0.2196,190.89,250.46,196.04,257.33
ch2_ohr_ncp_20251010T1140338327_d_img_d18_x11520_y98560.png,0.2121,177.85,83.99,182.1,90.89
ch2_ohr_ncp_20251010T1140338327_d_img_d18_x11520_y99200.png,0.3823,35.11,91.37,42.12,104.84
ch2_ohr_ncp_20251010T1140338327_d_img_d18_x11520_y99200.png,0.3355,123.99,90.13,129.2,97.56
ch2_ohr_ncp_20251010T1140338327_d_img_d18_x11520_y99200.png,0.2914,177.72,401.56,181.78,408.85
ch2_ohr_ncp_20251105T0849435342_d_img_d18_x01920_y87040.png,0.2138,0.09,299.55,4.23,306.04
ch2_ohr_ncp_20251105T0849435342_d_img_d18_x03200_y85120.png,0.2751,0.0,343.63,38.64,382.92
ch2_ohr_ncp_20251105T0849435342_d_img_d18_x03840_y70400.png,0.4046,108.51,86.9,151.65,141.14
ch2_ohr_ncp_20251105T0849435342_d_img_d18_x04480_y83840.png,0.3074,233.13,624.9,237.96,634.66
ch2_ohr_ncp_20251105T0849435342_d_img_d18_x05120_y78720.png,0.3909,492.65,364.34,531.57,400.68
ch2_ohr_ncp_20251105T0849435342_d_img_d18_x05120_y78720.png,0.2046,490.04,357.0,540.63,401.89
ch2_ohr_ncp_20251105T0849435342_d_img_d18_x06400_y80000.png,0.2242,50.29,62.15,54.78,68.01
ch2_ohr_ncp_20251105T0849435342_d_img_d18_x07680_y67200.png,0.3335,537.31,597.43,542.46,604.9
ch2_ohr_ncp_20251105T0849435342_d_img_d18_x07680_y74240.png,0.2016,0.02,6.86,4.01,14.46
ch2_ohr_ncp_20251105T0849435342_d_img_d18_x08960_y73600.png,0.3481,334.17,14.94,340.28,21.76
ch2_ohr_ncp_20251105T0849435342_d_img_d18_x10240_y55040.png,0.2527,633.93,590.73,639.35,602.64
ch2_ohr_ncp_20251105T0849435342_d_img_d18_x10880_y40320.png,0.2022,377.25,633.3,382.38,639.17
ch2_ohr_ncp_20251105T0849435342_d_img_d18_x10880_y51840.png,0.2959,423.38,610.69,429.77,618.46
ch2_ohr_ncp_20251105T0849435342_d_img_d18_x10880_y51840.png,0.243,370.89,629.1,376.83,634.84
ch2_ohr_ncp_20251105T0849435342_d_img_d18_x11520_y58240.png,0.2153,0.06,351.06,4.0,358.14
ch2_ohr_ncp_20251105T0849435342_d_img_d18_x11520_y58880.png,0.2158,63.81,550.33,69.21,556.01
ch2_ohr_ncp_20251105T0849435342_d_img_d18_x11520_y60160.png,0.387,34.44,617.93,42.12,625.99
ch2_ohr_ncp_20251105T0849435342_d_img_d18_x11520_y60160.png,0.2484,35.09,336.96,40.48,342.08
ch2_ohr_ncp_20251105T0849435342_d_img_d18_x11520_y60800.png,0.2983,133.59,367.22,140.0,373.76
ch2_ohr_ncp_20251105T0849435342_d_img_d18_x11520_y62720.png,0.2128,240.44,315.36,245.13,320.41
ch2_ohr_ncp_20251105T0849435342_d_img_d18_x11520_y64640.png,0.3541,141.1,622.17,148.04,629.49
ch2_ohr_ncp_20251105T0849435342_d_img_d18_x11520_y65920.png,0.373,209.52,303.45,215.06,310.86
ch2_ohr_ncp_20251105T0849435342_d_img_d18_x11520_y66560.png,0.336,78.47,483.57,85.12,492.32
ch2_ohr_ncp_20251105T0849435342_d_img_d18_x11520_y66560.png,0.3154,131.37,507.03,140.14,516.6
ch2_ohr_ncp_20251105T0849435342_d_img_d18_x11520_y66560.png,0.203,268.0,28.99,274.1,36.71
ch2_ohr_ncp_20251105T0849435342_d_img_d18_x11520_y68480.png,0.2582,7.99,407.44,14.07,415.08
ch2_ohr_ncp_20251105T0849435342_d_img_d18_x11520_y70400.png,0.5026,0.04,504.76,5.52,512.83
ch2_ohr_ncp_20251105T0849435342_d_img_d18_x11520_y70400.png,0.3836,4.18,260.2,10.05,266.0
ch2_ohr_ncp_20251105T0849435342_d_img_d18_x11520_y70400.png,0.2546,5.38,74.84,12.02,81.75
ch2_ohr_ncp_20251105T0849435342_d_img_d18_x11520_y74240.png,0.2381,99.97,628.52,107.71,636.68
ch2_ohr_ncp_20251105T0849435342_d_img_d18_x11520_y74880.png,0.344,71.75,558.52,77.65,565.63
ch2_ohr_ncp_20251105T0849435342_d_img_d18_x11520_y74880.png,0.2982,120.6,620.58,132.02,632.91
ch2_ohr_ncp_20251105T1048273563_d_img_d18_x00000_y77440.png,0.2818,52.43,392.48,79.06,433.79
ch2_ohr_ncp_20251105T1048273563_d_img_d18_x11520_y53120.png,0.291,13.86,169.69,20.08,177.11
ch2_ohr_ncp_20251105T1048273563_d_img_d18_x11520_y55040.png,0.22,87.88,580.51,93.79,587.61
ch2_ohr_ncp_20251105T1048273563_d_img_d18_x11520_y58880.png,0.3373,43.14,537.51,49.5,545.78
ch2_ohr_ncp_20251105T1048273563_d_img_d18_x11520_y58880.png,0.3006,31.99,555.97,37.34,562.49
ch2_ohr_ncp_20251105T1048273563_d_img_d18_x11520_y58880.png,0.2117,227.51,629.18,232.37,634.55
ch2_ohr_ncp_20251227T1027178560_d_img_d18_x00640_y78080.png,0.2587,27.54,610.63,82.23,640.0
ch2_ohr_ncp_20251227T1027178560_d_img_d18_x01280_y56320.png,0.2633,373.42,609.09,436.74,640.0
ch2_ohr_ncp_20251227T1027178560_d_img_d18_x02560_y55040.png,0.2494,286.69,605.25,349.07,640.0
ch2_ohr_ncp_20251227T1027178560_d_img_d18_x02560_y56960.png,0.2188,467.43,519.26,539.11,559.69
ch2_ohr_ncp_20251227T1027178560_d_img_d18_x03200_y62080.png,0.242,120.68,597.68,176.97,639.13
ch2_ohr_ncp_20251227T1027178560_d_img_d18_x03200_y65920.png,0.2012,630.45,629.81,636.07,636.01
ch2_ohr_ncp_20251227T1027178560_d_img_d18_x03840_y58240.png,0.6148,368.71,38.84,376.54,46.83
ch2_ohr_ncp_20251227T1027178560_d_img_d18_x03840_y58240.png,0.5695,347.98,39.7,353.8,44.88
ch2_ohr_ncp_20251227T1027178560_d_img_d18_x03840_y58240.png,0.3187,410.39,23.31,418.65,31.04
ch2_ohr_ncp_20251227T1027178560_d_img_d18_x05120_y56960.png,0.2146,593.61,614.46,639.58,639.87
ch2_ohr_ncp_20251227T1027178560_d_img_d18_x05120_y61440.png,0.3184,49.14,611.8,112.02,640.0
ch2_ohr_ncp_20251227T1027178560_d_img_d18_x05120_y77440.png,0.2097,0.0,613.22,40.23,640.0
ch2_ohr_ncp_20251227T1027178560_d_img_d18_x05760_y100480.png,0.4159,577.9,98.59,584.93,105.57
ch2_ohr_ncp_20251227T1027178560_d_img_d18_x05760_y100480.png,0.3395,619.39,301.85,628.57,312.36
ch2_ohr_ncp_20251227T1027178560_d_img_d18_x05760_y100480.png,0.3156,606.7,276.0,612.92,282.52
ch2_ohr_ncp_20251227T1027178560_d_img_d18_x05760_y100480.png,0.2763,612.64,247.9,621.57,255.69
ch2_ohr_ncp_20251227T1027178560_d_img_d18_x05760_y100480.png,0.2324,579.67,32.3,585.54,37.03
ch2_ohr_ncp_20251227T1027178560_d_img_d18_x05760_y100480.png,0.2044,46.97,12.0,53.21,18.65
ch2_ohr_ncp_20251227T1027178560_d_img_d18_x06400_y100480.png,0.2039,342.79,234.67,348.71,239.24
ch2_ohr_ncp_20251227T1027178560_d_img_d18_x06400_y75520.png,0.2601,236.93,614.09,304.24,640.0
ch2_ohr_ncp_20251227T1027178560_d_img_d18_x06400_y75520.png,0.2599,29.6,608.94,100.89,640.0
ch2_ohr_ncp_20251227T1027178560_d_img_d18_x07040_y100480.png,0.3778,611.65,351.34,619.91,357.88
ch2_ohr_ncp_20251227T1027178560_d_img_d18_x07040_y100480.png,0.2899,575.73,354.14,585.35,363.1
ch2_ohr_ncp_20251227T1027178560_d_img_d18_x07040_y55680.png,0.325,492.53,612.72,558.87,640.0
ch2_ohr_ncp_20251227T1027178560_d_img_d18_x07040_y55680.png,0.2964,257.79,481.42,309.83,524.65
ch2_ohr_ncp_20251227T1027178560_d_img_d18_x07040_y76160.png,0.2165,534.25,413.99,588.03,457.53
ch2_ohr_ncp_20251227T1027178560_d_img_d18_x07680_y100480.png,0.4745,105.62,155.38,112.03,160.69
ch2_ohr_ncp_20251227T1027178560_d_img_d18_x07680_y100480.png,0.461,127.29,302.12,137.59,310.28
ch2_ohr_ncp_20251227T1027178560_d_img_d18_x07680_y100480.png,0.42,360.11,43.98,366.13,49.86
ch2_ohr_ncp_20251227T1027178560_d_img_d18_x07680_y100480.png,0.4138,118.06,324.0,124.02,329.83
ch2_ohr_ncp_20251227T1027178560_d_img_d18_x07680_y100480.png,0.4082,575.58,231.23,581.8,236.99
ch2_ohr_ncp_20251227T1027178560_d_img_d18_x07680_y100480.png,0.3858,116.29,117.0,121.72,122.0
ch2_ohr_ncp_20251227T1027178560_d_img_d18_x07680_y100480.png,0.3665,561.31,190.18,577.94,203.97
ch2_ohr_ncp_20251227T1027178560_d_img_d18_x07680_y100480.png,0.3576,33.24,299.72,41.18,307.49
ch2_ohr_ncp_20251227T1027178560_d_img_d18_x07680_y100480.png,0.3237,54.36,336.4,60.0,340.45
ch2_ohr_ncp_20251227T1027178560_d_img_d18_x07680_y100480.png,0.3212,177.69,43.95,183.93,49.88
ch2_ohr_ncp_20251227T1027178560_d_img_d18_x07680_y100480.png,0.2996,122.35,145.45,128.28,151.1
ch2_ohr_ncp_20251227T1027178560_d_img_d18_x07680_y100480.png,0.2985,315.11,295.28,329.23,304.5
ch2_ohr_ncp_20251227T1027178560_d_img_d18_x07680_y100480.png,0.2951,24.42,222.02,29.81,228.01
ch2_ohr_ncp_20251227T1027178560_d_img_d18_x07680_y100480.png,0.2856,471.94,171.74,476.98,175.76
ch2_ohr_ncp_20251227T1027178560_d_img_d18_x07680_y100480.png,0.2732,151.25,57.53,158.59,63.65
ch2_ohr_ncp_20251227T1027178560_d_img_d18_x07680_y100480.png,0.2582,240.72,3.75,254.97,14.18
ch2_ohr_ncp_20251227T1027178560_d_img_d18_x07680_y100480.png,0.2303,635.87,165.96,639.96,174.08
ch2_ohr_ncp_20251227T1027178560_d_img_d18_x07680_y100480.png,0.2215,90.72,132.0,95.01,138.16
ch2_ohr_ncp_20251227T1027178560_d_img_d18_x07680_y100480.png,0.2197,238.45,178.76,245.3,184.84
ch2_ohr_ncp_20251227T1027178560_d_img_d18_x07680_y100480.png,0.2178,71.71,307.45,78.36,313.45
ch2_ohr_ncp_20251227T1027178560_d_img_d18_x07680_y100480.png,0.2154,391.0,141.8,396.07,148.0
ch2_ohr_ncp_20251227T1027178560_d_img_d18_x07680_y100480.png,0.2141,243.9,35.28,252.1,42.17
ch2_ohr_ncp_20251227T1027178560_d_img_d18_x07680_y100480.png,0.2082,33.83,348.0,39.63,354.31
ch2_ohr_ncp_20251227T1027178560_d_img_d18_x07680_y100480.png,0.2057,115.96,117.34,121.29,124.0
ch2_ohr_ncp_20251227T1027178560_d_img_d18_x07680_y97280.png,0.286,633.93,297.54,640.0,309.17
ch2_ohr_ncp_20251227T1027178560_d_img_d18_x07680_y97280.png,0.2037,285.07,618.59,293.84,628.46
ch2_ohr_ncp_20251227T1027178560_d_img_d18_x08320_y100480.png,0.5866,64.31,53.22,74.38,61.93
ch2_ohr_ncp_20251227T1027178560_d_img_d18_x08320_y100480.png,0.5197,594.91,242.91,601.32,249.18
ch2_ohr_ncp_20251227T1027178560_d_img_d18_x08320_y100480.png,0.4687,529.87,3.19,538.72,11.17
ch2_ohr_ncp_20251227T1027178560_d_img_d18_x08320_y100480.png,0.4354,562.74,18.56,568.84,24.77
ch2_ohr_ncp_20251227T1027178560_d_img_d18_x08320_y100480.png,0.4282,124.0,38.25,129.86,44.01
ch2_ohr_ncp_20251227T1027178560_d_img_d18_x08320_y100480.png,0.4267,528.64,49.05,536.02,55.61
ch2_ohr_ncp_20251227T1027178560_d_img_d18_x08320_y100480.png,0.4092,53.8,91.16,60.42,97.63
ch2_ohr_ncp_20251227T1027178560_d_img_d18_x08320_y100480.png,0.3744,87.51,82.52,94.18,88.91
ch2_ohr_ncp_20251227T1027178560_d_img_d18_x08320_y100480.png,0.3683,141.33,207.7,149.52,215.38
ch2_ohr_ncp_20251227T1027178560_d_img_d18_x08320_y100480.png,0.3585,81.49,130.78,87.9,136.8
ch2_ohr_ncp_20251227T1027178560_d_img_d18_x08320_y100480.png,0.3547,179.96,146.83,185.97,151.44
ch2_ohr_ncp_20251227T1027178560_d_img_d18_x08320_y100480.png,0.3545,551.22,38.88,559.09,45.41
ch2_ohr_ncp_20251227T1027178560_d_img_d18_x08320_y100480.png,0.3477,30.78,131.49,36.02,135.39
ch2_ohr_ncp_20251227T1027178560_d_img_d18_x08320_y100480.png,0.3451,139.7,206.42,149.6,215.16
ch2_ohr_ncp_20251227T1027178560_d_img_d18_x08320_y100480.png,0.3317,393.06,31.74,401.25,39.96
ch2_ohr_ncp_20251227T1027178560_d_img_d18_x08320_y100480.png,0.3285,211.96,7.52,216.98,12.18
ch2_ohr_ncp_20251227T1027178560_d_img_d18_x08320_y100480.png,0.324,72.86,130.31,79.24,135.41
ch2_ohr_ncp_20251227T1027178560_d_img_d18_x08320_y100480.png,0.3134,571.18,0.03,581.08,5.35
ch2_ohr_ncp_20251227T1027178560_d_img_d18_x08320_y100480.png,0.3103,621.91,150.73,631.9,159.48
ch2_ohr_ncp_20251227T1027178560_d_img_d18_x08320_y100480.png,0.293,559.19,207.09,567.34,213.92
ch2_ohr_ncp_20251227T1027178560_d_img_d18_x08320_y100480.png,0.2833,126.78,234.57,132.46,240.03
ch2_ohr_ncp_20251227T1027178560_d_img_d18_x08320_y100480.png,0.282,247.76,195.81,253.06,200.74
ch2_ohr_ncp_20251227T1027178560_d_img_d18_x08320_y100480.png,0.2761,246.02,132.53,251.31,137.17
ch2_ohr_ncp_20251227T1027178560_d_img_d18_x08320_y100480.png,0.2749,493.61,48.26,500.0,53.35
ch2_ohr_ncp_20251227T1027178560_d_img_d18_x08320_y100480.png,0.2742,165.23,207.02,172.92,213.28
ch2_ohr_ncp_20251227T1027178560_d_img_d18_x08320_y100480.png,0.2594,537.34,153.58,542.95,158.69
ch2_ohr_ncp_20251227T1027178560_d_img_d18_x08320_y100480.png,0.2589,38.25,86.05,48.53,95.82
ch2_ohr_ncp_20251227T1027178560_d_img_d18_x08320_y100480.png,0.2518,62.76,366.4,68.57,372.05
ch2_ohr_ncp_20251227T1027178560_d_img_d18_x08320_y100480.png,0.2484,0.52,234.59,6.52,239.67
ch2_ohr_ncp_20251227T1027178560_d_img_d18_x08320_y100480.png,0.2466,263.15,270.54,268.36,276.02
ch2_ohr_ncp_20251227T1027178560_d_img_d18_x08320_y100480.png,0.2375,492.0,48.01,498.16,53.58
ch2_ohr_ncp_20251227T1027178560_d_img_d18_x08320_y100480.png,0.2154,105.8,179.68,111.62,185.61
ch2_ohr_ncp_20251227T1027178560_d_img_d18_x08320_y100480.png,0.2039,137.23,202.78,149.41,215.49
ch2_ohr_ncp_20251227T1027178560_d_img_d18_x08320_y96640.png,0.271,551.3,633.62,559.17,639.18
ch2_ohr_ncp_20251227T1027178560_d_img_d18_x08960_y100480.png,0.411,28.16,270.31,46.82,286.7
ch2_ohr_ncp_20251227T1027178560_d_img_d18_x08960_y100480.png,0.3878,189.38,36.0,196.02,42.49
ch2_ohr_ncp_20251227T1027178560_d_img_d18_x08960_y100480.png,0.3228,70.97,295.73,77.26,301.34
ch2_ohr_ncp_20251227T1027178560_d_img_d18_x08960_y100480.png,0.2746,41.51,284.53,49.62,292.05
ch2_ohr_ncp_20251227T1027178560_d_img_d18_x08960_y100480.png,0.2417,192.06,3.79,206.77,15.57
ch2_ohr_ncp_20251227T1027178560_d_img_d18_x08960_y100480.png,0.2307,30.49,197.19,38.93,205.29
ch2_ohr_ncp_20251227T1027178560_d_img_d18_x08960_y100480.png,0.216,187.99,36.0,195.02,42.76
ch2_ohr_ncp_20251227T1027178560_d_img_d18_x08960_y100480.png,0.2129,211.97,46.46,218.13,52.01
ch2_ohr_ncp_20251227T1027178560_d_img_d18_x08960_y64000.png,0.2645,224.88,381.22,281.41,423.37
ch2_ohr_ncp_20251227T1027178560_d_img_d18_x08960_y72960.png,0.2979,37.34,602.31,89.38,640.0
ch2_ohr_ncp_20251227T1027178560_d_img_d18_x09600_y100480.png,0.4321,165.86,345.58,172.02,350.47
ch2_ohr_ncp_20251227T1027178560_d_img_d18_x09600_y100480.png,0.3672,19.17,18.19,24.8,23.34
ch2_ohr_ncp_20251227T1027178560_d_img_d18_x09600_y100480.png,0.328,131.51,237.7,146.71,248.55
ch2_ohr_ncp_20251227T1027178560_d_img_d18_x09600_y100480.png,0.2677,193.7,241.54,201.2,248.14
ch2_ohr_ncp_20251227T1027178560_d_img_d18_x09600_y100480.png,0.2674,10.77,365.36,17.82,372.0
ch2_ohr_ncp_20251227T1027178560_d_img_d18_x09600_y100480.png,0.2606,11.55,364.0,18.61,370.99
ch2_ohr_ncp_20251227T1027178560_d_img_d18_x09600_y100480.png,0.2575,35.2,114.41,42.37,120.07
ch2_ohr_ncp_20251227T1027178560_d_img_d18_x09600_y100480.png,0.2401,89.54,50.67,95.88,54.74
ch2_ohr_ncp_20251227T1027178560_d_img_d18_x09600_y100480.png,0.2393,184.22,2.18,209.05,24.07
ch2_ohr_ncp_20251227T1027178560_d_img_d18_x09600_y100480.png,0.2302,219.54,216.63,223.87,220.34
ch2_ohr_ncp_20251227T1027178560_d_img_d18_x09600_y100480.png,0.226,543.94,415.17,550.2,420.88
ch2_ohr_ncp_20251227T1027178560_d_img_d18_x09600_y100480.png,0.2243,287.06,312.61,292.27,318.07
ch2_ohr_ncp_20251227T1027178560_d_img_d18_x09600_y100480.png,0.2124,314.84,209.4,321.54,215.27
ch2_ohr_ncp_20251227T1027178560_d_img_d18_x09600_y100480.png,0.2114,156.0,334.5,162.22,340.01
ch2_ohr_ncp_20251227T1027178560_d_img_d18_x10240_y100480.png,0.3589,575.45,188.0,581.54,194.16
ch2_ohr_ncp_20251227T1027178560_d_img_d18_x10240_y100480.png,0.2373,575.44,223.07,583.14,229.22
ch2_ohr_ncp_20251227T1027178560_d_img_d18_x10240_y99840.png,0.2033,11.31,614.6,60.0,639.74
ch2_ohr_ncp_20251227T1027178560_d_img_d18_x10880_y100480.png,0.4657,157.51,206.56,164.59,213.25
ch2_ohr_ncp_20251227T1027178560_d_img_d18_x10880_y100480.png,0.3285,167.32,189.23,173.74,196.07
ch2_ohr_ncp_20251227T1027178560_d_img_d18_x10880_y100480.png,0.2957,435.99,195.85,442.31,201.13
ch2_ohr_ncp_20251227T1027178560_d_img_d18_x10880_y100480.png,0.2944,63.05,273.65,70.4,280.67
ch2_ohr_ncp_20251227T1027178560_d_img_d18_x10880_y100480.png,0.2521,147.98,219.49,153.4,223.47
ch2_ohr_ncp_20251227T1027178560_d_img_d18_x10880_y100480.png,0.2454,417.92,199.98,424.46,206.33
ch2_ohr_ncp_20251227T1027178560_d_img_d18_x10880_y100480.png,0.2397,0.0,202.5,4.1,210.14
ch2_ohr_ncp_20251227T1027178560_d_img_d18_x10880_y100480.png,0.2394,169.97,286.9,181.37,295.47
ch2_ohr_ncp_20251227T1027178560_d_img_d18_x10880_y100480.png,0.2348,437.14,195.71,444.0,201.02
ch2_ohr_ncp_20251227T1027178560_d_img_d18_x10880_y100480.png,0.221,520.18,280.92,527.3,287.77
ch2_ohr_ncp_20251227T1027178560_d_img_d18_x10880_y100480.png,0.2073,129.21,303.57,135.87,310.3
ch2_ohr_ncp_20251227T1027178560_d_img_d18_x10880_y100480.png,0.2028,54.25,238.99,60.03,244.16
ch2_ohr_ncp_20251227T1027178560_d_img_d18_x10880_y100480.png,0.2005,167.86,188.0,173.78,195.14
ch2_ohr_ncp_20251227T1027178560_d_img_d18_x10880_y94720.png,0.3708,628.56,544.17,638.98,554.37
ch2_ohr_ncp_20251227T1027178560_d_img_d18_x10880_y94720.png,0.3044,606.48,579.41,613.23,585.92
ch2_ohr_ncp_20251227T1027178560_d_img_d18_x10880_y94720.png,0.2274,495.31,481.1,502.83,487.49
ch2_ohr_ncp_20251227T1027178560_d_img_d18_x11520_y100480.png,0.4967,239.9,249.93,245.52,256.24
ch2_ohr_ncp_20251227T1027178560_d_img_d18_x11520_y100480.png,0.3947,39.17,275.96,46.17,283.64
ch2_ohr_ncp_20251227T1027178560_d_img_d18_x11520_y100480.png,0.3661,5.65,243.53,15.83,253.96
ch2_ohr_ncp_20251227T1027178560_d_img_d18_x11520_y100480.png,0.273,233.58,294.68,238.19,300.02
ch2_ohr_ncp_20251227T1027178560_d_img_d18_x11520_y100480.png,0.2132,210.39,283.64,217.13,290.31
ch2_ohr_ncp_20251227T1027178560_d_img_d18_x11520_y100480.png,0.2075,232.0,294.91,237.61,299.76
ch2_ohr_ncp_20251227T1027178560_d_img_d18_x11520_y94720.png,0.4415,358.94,621.83,365.78,628.33
ch2_ohr_ncp_20251227T1027178560_d_img_d18_x11520_y94720.png,0.2282,9.39,635.45,17.4,639.77
ch2_ohr_ncp_20251227T1027178560_d_img_d18_x11520_y95360.png,0.2912,45.81,294.83,52.77,302.23
ch2_ohr_ncp_20251227T1027178560_d_img_d18_x11520_y96640.png,0.3865,13.56,484.39,24.6,495.4
ch2_ohr_ncp_20251227T1027178560_d_img_d18_x11520_y96640.png,0.3426,108.57,333.73,123.4,345.67
ch2_ohr_ncp_20251227T1027178560_d_img_d18_x11520_y96640.png,0.2683,29.8,361.07,40.42,370.05
ch2_ohr_ncp_20251227T1027178560_d_img_d18_x11520_y96640.png,0.2569,29.54,318.75,36.03,324.32
ch2_ohr_ncp_20251227T1027178560_d_img_d18_x11520_y96640.png,0.2232,194.2,179.29,200.62,184.53
ch2_ohr_ncp_20251227T1027178560_d_img_d18_x11520_y97280.png,0.2384,181.73,331.34,189.45,338.61
ch2_ohr_ncp_20251227T1027178560_d_img_d18_x11520_y98560.png,0.3588,0.15,490.35,6.86,496.48
ch2_ohr_ncp_20251227T1027178560_d_img_d18_x11520_y98560.png,0.3338,142.97,500.0,148.05,505.87
ch2_ohr_ncp_20251227T1027178560_d_img_d18_x11520_y98560.png,0.3311,115.64,396.95,123.44,404.01
ch2_ohr_ncp_20251227T1027178560_d_img_d18_x11520_y98560.png,0.3202,79.93,434.33,85.4,439.66
ch2_ohr_ncp_20251227T1027178560_d_img_d18_x11520_y98560.png,0.3162,240.57,493.43,248.34,500.2
ch2_ohr_ncp_20251227T1027178560_d_img_d18_x11520_y98560.png,0.3079,0.07,88.82,12.95,107.28
ch2_ohr_ncp_20251227T1027178560_d_img_d18_x11520_y98560.png,0.2938,116.49,396.0,124.05,403.23
ch2_ohr_ncp_20251227T1027178560_d_img_d18_x11520_y98560.png,0.2835,44.2,544.16,52.65,551.87
ch2_ohr_ncp_20251227T1027178560_d_img_d18_x11520_y98560.png,0.2443,132.38,402.99,137.69,408.14
ch2_ohr_ncp_20251227T1027178560_d_img_d18_x11520_y98560.png,0.2363,0.11,399.33,6.74,405.65
ch2_ohr_ncp_20251227T1027178560_d_img_d18_x11520_y98560.png,0.224,177.29,555.97,183.05,561.37
ch2_ohr_ncp_20251227T1027178560_d_img_d18_x11520_y98560.png,0.2074,21.5,414.57,28.39,420.63
ch2_ohr_ncp_20251227T1027178560_d_img_d18_x11520_y98560.png,0.2001,186.91,351.39,192.49,356.3
ch2_ohr_ncp_20251227T1027178560_d_img_d18_x11520_y99200.png,0.5973,224.57,40.83,231.01,46.96
ch2_ohr_ncp_20251227T1027178560_d_img_d18_x11520_y99200.png,0.3016,246.18,48.47,253.44,55.35
ch2_ohr_ncp_20251227T1027178560_d_img_d18_x11520_y99200.png,0.2496,209.18,66.74,214.61,71.62
ch2_ohr_ncp_20251227T1027178560_d_img_d18_x11520_y99200.png,0.2445,94.33,34.64,102.24,41.59
ch2_ohr_ncp_20251227T1027178560_d_img_d18_x11520_y99200.png,0.2066,75.97,251.71,82.57,257.36
ch2_ohr_ncp_20251227T1027178560_d_img_d18_x11520_y99840.png,0.4762,25.29,550.12,33.88,558.42
ch2_ohr_ncp_20251227T1027178560_d_img_d18_x11520_y99840.png,0.4296,0.0,450.37,4.75,458.1
ch2_ohr_ncp_20251227T1027178560_d_img_d18_x11520_y99840.png,0.3822,144.99,609.48,150.62,614.85
ch2_ohr_ncp_20251227T1027178560_d_img_d18_x11520_y99840.png,0.2829,24.46,159.67,31.54,165.29
ch2_ohr_ncp_20251227T1027178560_d_img_d18_x11520_y99840.png,0.2195,26.05,549.96,36.0,557.99
