product_id,area,lat_min,lat_max,lon_min,lon_max,zip_download_path,is_calibrated
ch2_ohr_ncp_20260103T1005176450_d_img_d18,South Pole,-85.325413,-84.522148,22.794260,27.751481,/ch2/protected/downloadData/POST_OD/isda_archive/ch2_bundle/cho_bundle/nop/ohr_collection/data/calibrated/20260103/ch2_ohr_ncp_20260103T1005176450_d_img_d18.zip?ohrc,True
ch2_ohr_ncp_20260103T0609041371_d_img_d18,South Pole,-85.365795,-84.552455,23.016449,27.723846,/ch2/protected/downloadData/POST_OD/isda_archive/ch2_bundle/cho_bundle/nop/ohr_collection/data/calibrated/20260103/ch2_ohr_ncp_20260103T0609041371_d_img_d18.zip?ohrc,True
ch2_ohr_ncp_20260103T1203563771_d_img_d18,South Pole,-85.327140,-84.529135,22.792277,27.939505,/ch2/protected/downloadData/POST_OD/isda_archive/ch2_bundle/cho_bundle/nop/ohr_collection/data/calibrated/20260103/ch2_ohr_ncp_20260103T1203563771_d_img_d18.zip?ohrc,True
ch2_ohr_ncp_20260103T0410224157_d_img_d18,South Pole,-85.488206,-84.675992,23.571179,28.310697,/ch2/protected/downloadData/POST_OD/isda_archive/ch2_bundle/cho_bundle/nop/ohr_collection/data/calibrated/20260103/ch2_ohr_ncp_20260103T0410224157_d_img_d18.zip?ohrc,True
ch2_ohr_ncp_20260102T1819015920_d_img_d18,South Pole,-84.841821,-84.133675,31.793314,35.905091,/ch2/protected/downloadData/POST_OD/isda_archive/ch2_bundle/cho_bundle/nop/ohr_collection/data/calibrated/20260102/ch2_ohr_ncp_20260102T1819015920_d_img_d18.zip?ohrc,True
ch2_ohr_ncp_20260102T2017444613_d_img_d18,South Pole,-84.798913,-83.998788,31.186427,35.822751,/ch2/protected/downloadData/POST_OD/isda_archive/ch2_bundle/cho_bundle/nop/ohr_collection/data/calibrated/20260102/ch2_ohr_ncp_20260102T2017444613_d_img_d18.zip?ohrc,True
ch2_ohr_ncp_20260102T1224107393_d_img_d18,South Pole,-84.686065,-83.867174,30.893947,34.754547,/ch2/protected/downloadData/POST_OD/isda_archive/ch2_bundle/cho_bundle/nop/ohr_collection/data/calibrated/20260102/ch2_ohr_ncp_20260102T1224107393_d_img_d18.zip?ohrc,True
ch2_ohr_ncp_20260102T1422564520_d_img_d18,South Pole,-84.633834,-83.815850,30.709310,34.665161,/ch2/protected/downloadData/POST_OD/isda_archive/ch2_bundle/cho_bundle/nop/ohr_collection/data/calibrated/20260102/ch2_ohr_ncp_20260102T1422564520_d_img_d18.zip?ohrc,True
ch2_ohr_ncp_20260130T1309574436_d_img_d18,South Pole,-85.475864,-84.659503,23.411787,28.330218,/ch2/protected/downloadData/POST_OD/isda_archive/ch2_bundle/cho_bundle/nop/ohr_collection/data/calibrated/20260130/ch2_ohr_ncp_20260130T1309574436_d_img_d18.zip?ohrc,True
ch2_ohr_ncp_20260130T1708191265_d_img_d18,South Pole,-85.568811,-84.770563,23.851007,29.203146,/ch2/protected/downloadData/POST_OD/isda_archive/ch2_bundle/cho_bundle/nop/ohr_collection/data/calibrated/20260130/ch2_ohr_ncp_20260130T1708191265_d_img_d18.zip?ohrc,True
ch2_ohr_ncp_20260130T1908101751_d_img_d18,South Pole,-85.644306,-84.848469,24.193017,29.994268,/ch2/protected/downloadData/POST_OD/isda_archive/ch2_bundle/cho_bundle/nop/ohr_collection/data/calibrated/20260130/ch2_ohr_ncp_20260130T1908101751_d_img_d18.zip?ohrc,True
ch2_ohr_ncp_20260130T1110042036_d_img_d18,South Pole,-85.405119,-84.591684,23.293905,27.862793,/ch2/protected/downloadData/POST_OD/isda_archive/ch2_bundle/cho_bundle/nop/ohr_collection/data/calibrated/20260130/ch2_ohr_ncp_20260130T1110042036_d_img_d18.zip?ohrc,True
ch2_ohr_ncp_20260129T1117178849_d_img_d18,South Pole,-84.700609,-83.874015,31.307023,34.582776,/ch2/protected/downloadData/POST_OD/isda_archive/ch2_bundle/cho_bundle/nop/ohr_collection/data/calibrated/20260129/ch2_ohr_ncp_20260129T1117178849_d_img_d18.zip?ohrc,True
ch2_ohr_ncp_20260129T1317196484_d_img_d18,South Pole,-84.689258,-83.849588,31.146477,34.599061,/ch2/protected/downloadData/POST_OD/isda_archive/ch2_bundle/cho_bundle/nop/ohr_collection/data/calibrated/20260129/ch2_ohr_ncp_20260129T1317196484_d_img_d18.zip?ohrc,True
ch2_ohr_ncp_20260129T1715285977_d_img_d18,South Pole,-84.680686,-83.860780,31.021368,34.694310,/ch2/protected/downloadData/POST_OD/isda_archive/ch2_bundle/cho_bundle/nop/ohr_collection/data/calibrated/20260129/ch2_ohr_ncp_20260129T1715285977_d_img_d18.zip?ohrc,True
ch2_ohr_ncp_20260129T1915291096_d_img_d18,South Pole,-84.717809,-83.891688,31.006865,34.927608,/ch2/protected/downloadData/POST_OD/isda_archive/ch2_bundle/cho_bundle/nop/ohr_collection/data/calibrated/20260129/ch2_ohr_ncp_20260129T1915291096_d_img_d18.zip?ohrc,True
ch2_ohr_ncp_20251227T1226047679_d_img_d18,South Pole,-89.537987,-89.054206,216.750119,249.991560,/ch2/protected/downloadData/POST_OD/isda_archive/ch2_bundle/cho_bundle/nop/ohr_collection/data/calibrated/20251227/ch2_ohr_ncp_20251227T1226047679_d_img_d18.zip?ohrc,True
ch2_ohr_ncp_20251227T1027178560_d_img_d18,South Pole,-89.630360,-88.991007,190.337869,251.095222,/ch2/protected/downloadData/POST_OD/isda_archive/ch2_bundle/cho_bundle/nop/ohr_collection/data/calibrated/20251227/ch2_ohr_ncp_20251227T1027178560_d_img_d18.zip?ohrc,True
ch2_ohr_ncp_20251227T1622437440_d_img_d18,South Pole,-89.665673,-89.031479,183.347564,249.158319,/ch2/protected/downloadData/POST_OD/isda_archive/ch2_bundle/cho_bundle/nop/ohr_collection/data/calibrated/20251227/ch2_ohr_ncp_20251227T1622437440_d_img_d18.zip?ohrc,True
ch2_ohr_ncp_20251227T1423592391_d_img_d18,South Pole,-89.645759,-89.042070,181.574298,248.364947,/ch2/protected/downloadData/POST_OD/isda_archive/ch2_bundle/cho_bundle/nop/ohr_collection/data/calibrated/20251227/ch2_ohr_ncp_20251227T1423592391_d_img_d18.zip?ohrc,True
ch2_ohr_nrp_20260103T1005176450_d_img_d18,South Pole,-85.325413,-84.522148,22.794260,27.751481,/ch2/protected/downloadData/POST_OD/isda_archive/ch2_bundle/cho_bundle/nop/ohr_collection/data/raw/20260103/ch2_ohr_nrp_20260103T1005176450_d_img_d18.zip?ohrc,False
ch2_ohr_nrp_20260103T0609041371_d_img_d18,South Pole,-85.365795,-84.552455,23.016449,27.723846,/ch2/protected/downloadData/POST_OD/isda_archive/ch2_bundle/cho_bundle/nop/ohr_collection/data/raw/20260103/ch2_ohr_nrp_20260103T0609041371_d_img_d18.zip?ohrc,False
ch2_ohr_nrp_20260103T1203563771_d_img_d18,South Pole,-85.327140,-84.529135,22.792277,27.939505,/ch2/protected/downloadData/POST_OD/isda_archive/ch2_bundle/cho_bundle/nop/ohr_collection/data/raw/20260103/ch2_ohr_nrp_20260103T1203563771_d_img_d18.zip?ohrc,False
ch2_ohr_nrp_20260103T0410224157_d_img_d18,South Pole,-85.488206,-84.675992,23.571179,28.310697,/ch2/protected/downloadData/POST_OD/isda_archive/ch2_bundle/cho_bundle/nop/ohr_collection/data/raw/20260103/ch2_ohr_nrp_20260103T0410224157_d_img_d18.zip?ohrc,False
ch2_ohr_nrp_20260102T1819015920_d_img_d18,South Pole,-84.841821,-84.133675,31.793314,35.905091,/ch2/protected/downloadData/POST_OD/isda_archive/ch2_bundle/cho_bundle/nop/ohr_collection/data/raw/20260102/ch2_ohr_nrp_20260102T1819015920_d_img_d18.zip?ohrc,False
ch2_ohr_nrp_20260102T2017444613_d_img_d18,South Pole,-84.798913,-83.998788,31.186427,35.822751,/ch2/protected/downloadData/POST_OD/isda_archive/ch2_bundle/cho_bundle/nop/ohr_collection/data/raw/20260102/ch2_ohr_nrp_20260102T2017444613_d_img_d18.zip?ohrc,False
ch2_ohr_nrp_20260102T1224107393_d_img_d18,South Pole,-84.686065,-83.867174,30.893947,34.754547,/ch2/protected/downloadData/POST_OD/isda_archive/ch2_bundle/cho_bundle/nop/ohr_collection/data/raw/20260102/ch2_ohr_nrp_20260102T1224107393_d_img_d18.zip?ohrc,False
ch2_ohr_nrp_20260102T1422564520_d_img_d18,South Pole,-84.633834,-83.815850,30.709310,34.665161,/ch2/protected/downloadData/POST_OD/isda_archive/ch2_bundle/cho_bundle/nop/ohr_collection/data/raw/20260102/ch2_ohr_nrp_20260102T1422564520_d_img_d18.zip?ohrc,False
ch2_ohr_nrp_20260130T1309574436_d_img_d18,South Pole,-85.475864,-84.659503,23.411787,28.330218,/ch2/protected/downloadData/POST_OD/isda_archive/ch2_bundle/cho_bundle/nop/ohr_collection/data/raw/20260130/ch2_ohr_nrp_20260130T1309574436_d_img_d18.zip?ohrc,False
ch2_ohr_nrp_20260130T1708191265_d_img_d18,South Pole,-85.568811,-84.770563,23.851007,29.203146,/ch2/protected/downloadData/POST_OD/isda_archive/ch2_bundle/cho_bundle/nop/ohr_collection/data/raw/20260130/ch2_ohr_nrp_20260130T1708191265_d_img_d18.zip?ohrc,False
ch2_ohr_nrp_20260130T1908101751_d_img_d18,South Pole,-85.644306,-84.848469,24.193017,29.994268,/ch2/protected/downloadData/POST_OD/isda_archive/ch2_bundle/cho_bundle/nop/ohr_collection/data/raw/20260130/ch2_ohr_nrp_20260130T1908101751_d_img_d18.zip?ohrc,False
ch2_ohr_nrp_20260130T1110042036_d_img_d18,South Pole,-85.405119,-84.591684,23.293905,27.862793,/ch2/protected/downloadData/POST_OD/isda_archive/ch2_bundle/cho_bundle/nop/ohr_collection/data/raw/20260130/ch2_ohr_nrp_20260130T1110042036_d_img_d18.zip?ohrc,False
ch2_ohr_nrp_20260129T1117178849_d_img_d18,South Pole,-84.700609,-83.874015,31.307023,34.582776,/ch2/protected/downloadData/POST_OD/isda_archive/ch2_bundle/cho_bundle/nop/ohr_collection/data/raw/20260129/ch2_ohr_nrp_20260129T1117178849_d_img_d18.zip?ohrc,False
ch2_ohr_nrp_20260129T1317196484_d_img_d18,South Pole,-84.689258,-83.849588,31.146477,34.599061,/ch2/protected/downloadData/POST_OD/isda_archive/ch2_bundle/cho_bundle/nop/ohr_collection/data/raw/20260129/ch2_ohr_nrp_20260129T1317196484_d_img_d18.zip?ohrc,False
ch2_ohr_nrp_20260129T1715285977_d_img_d18,South Pole,-84.680686,-83.860780,31.021368,34.694310,/ch2/protected/downloadData/POST_OD/isda_archive/ch2_bundle/cho_bundle/nop/ohr_collection/data/raw/20260129/ch2_ohr_nrp_20260129T1715285977_d_img_d18.zip?ohrc,False
ch2_ohr_nrp_20260129T1915291096_d_img_d18,South Pole,-84.717809,-83.891688,31.006865,34.927608,/ch2/protected/downloadData/POST_OD/isda_archive/ch2_bundle/cho_bundle/nop/ohr_collection/data/raw/20260129/ch2_ohr_nrp_20260129T1915291096_d_img_d18.zip?ohrc,False
ch2_ohr_nrp_20251227T1226047679_d_img_d18,South Pole,-89.537987,-89.054206,216.750119,249.991560,/ch2/protected/downloadData/POST_OD/isda_archive/ch2_bundle/cho_bundle/nop/ohr_collection/data/raw/20251227/ch2_ohr_nrp_20251227T1226047679_d_img_d18.zip?ohrc,False
ch2_ohr_nrp_20251227T1027178560_d_img_d18,South Pole,-89.630360,-88.991007,190.337869,251.095222,/ch2/protected/downloadData/POST_OD/isda_archive/ch2_bundle/cho_bundle/nop/ohr_collection/data/raw/20251227/ch2_ohr_nrp_20251227T1027178560_d_img_d18.zip?ohrc,False
ch2_ohr_nrp_20251227T1622437440_d_img_d18,South Pole,-89.665673,-89.031479,183.347564,249.158319,/ch2/protected/downloadData/POST_OD/isda_archive/ch2_bundle/cho_bundle/nop/ohr_collection/data/raw/20251227/ch2_ohr_nrp_20251227T1622437440_d_img_d18.zip?ohrc,False
ch2_ohr_nrp_20251227T1423592391_d_img_d18,South Pole,-89.645759,-89.042070,181.574298,248.364947,/ch2/protected/downloadData/POST_OD/isda_archive/ch2_bundle/cho_bundle/nop/ohr_collection/data/raw/20251227/ch2_ohr_nrp_20251227T1423592391_d_img_d18.zip?ohrc,False
ch2_ohr_ncp_20260330T2317474369_d_img_d18,Equatorial,7.013336,7.850416,301.199326,301.335004,/ch2/protected/downloadData/POST_OD/isda_archive/ch2_bundle/cho_bundle/nop/ohr_collection/data/calibrated/20260330/ch2_ohr_ncp_20260330T2317474369_d_img_d18.zip?ohrc,True
ch2_ohr_ncp_20260331T0907044475_d_img_d18,Equatorial,7.294754,8.131984,296.086558,296.215278,/ch2/protected/downloadData/POST_OD/isda_archive/ch2_bundle/cho_bundle/nop/ohr_collection/data/calibrated/20260331/ch2_ohr_ncp_20260331T0907044475_d_img_d18.zip?ohrc,True
ch2_ohr_ncp_20260331T0116042688_d_img_d18,Equatorial,7.039995,7.876676,301.199408,301.327324,/ch2/protected/downloadData/POST_OD/isda_archive/ch2_bundle/cho_bundle/nop/ohr_collection/data/calibrated/20260331/ch2_ohr_ncp_20260331T0116042688_d_img_d18.zip?ohrc,True
ch2_ohr_ncp_20260331T1105235288_d_img_d18,Equatorial,7.324136,8.161465,296.086405,296.213414,/ch2/protected/downloadData/POST_OD/isda_archive/ch2_bundle/cho_bundle/nop/ohr_collection/data/calibrated/20260331/ch2_ohr_ncp_20260331T1105235288_d_img_d18.zip?ohrc,True
ch2_ohr_nrp_20260330T2317474369_d_img_d18,Equatorial,7.013336,7.850416,301.199326,301.335004,/ch2/protected/downloadData/POST_OD/isda_archive/ch2_bundle/cho_bundle/nop/ohr_collection/data/raw/20260330/ch2_ohr_nrp_20260330T2317474369_d_img_d18.zip?ohrc,False
ch2_ohr_nrp_20260331T0907044475_d_img_d18,Equatorial,7.294754,8.131984,296.086558,296.215278,/ch2/protected/downloadData/POST_OD/isda_archive/ch2_bundle/cho_bundle/nop/ohr_collection/data/raw/20260331/ch2_ohr_nrp_20260331T0907044475_d_img_d18.zip?ohrc,False
ch2_ohr_nrp_20260331T0116042688_d_img_d18,Equatorial,7.039995,7.876676,301.199408,301.327324,/ch2/protected/downloadData/POST_OD/isda_archive/ch2_bundle/cho_bundle/nop/ohr_collection/data/raw/20260331/ch2_ohr_nrp_20260331T0116042688_d_img_d18.zip?ohrc,False
ch2_ohr_nrp_20260331T1105235288_d_img_d18,Equatorial,7.324136,8.161465,296.086405,296.213414,/ch2/protected/downloadData/POST_OD/isda_archive/ch2_bundle/cho_bundle/nop/ohr_collection/data/raw/20260331/ch2_ohr_nrp_20260331T1105235288_d_img_d18.zip?ohrc,False
ch2_ohr_ncp_20220713T1223352508_d_img_d32,South Pole,-69.985163,-69.147701,342.558117,342.878183,/ch2/protected/downloadData/POST_OD/isda_archive/ch2_bundle/cho_bundle/nop/ohr_collection/data/calibrated/20220713/ch2_ohr_ncp_20220713T1223352508_d_img_d32.zip?ohrc,True
ch2_ohr_ncp_20210405T0245288072_d_img_d32,South Pole,-69.950401,-68.932926,342.568925,342.981876,/ch2/protected/downloadData/POST_OD/isda_archive/ch2_bundle/cho_bundle/nop/ohr_collection/data/calibrated/20210405/ch2_ohr_ncp_20210405T0245288072_d_img_d32.zip?ohrc,True
ch2_ohr_ncp_20190906T2241285714_d_img_gds,South Pole,-71.399967,-70.557024,22.573029,22.928347,/ch2/protected/downloadData/POST_OD/isda_archive/ch2_bundle/cho_bundle/nop/ohr_collection/data/calibrated/20190906/ch2_ohr_ncp_20190906T2241285714_d_img_gds.zip?ohrc,True
ch2_ohr_ncp_20190907T0438126359_d_img_g26,South Pole,-71.368445,-70.519516,22.471554,23.025073,/ch2/protected/downloadData/POST_OD/isda_archive/ch2_bundle/cho_bundle/nop/ohr_collection/data/calibrated/20190907/ch2_ohr_ncp_20190907T0438126359_d_img_g26.zip?ohrc,True
ch2_ohr_ncp_20210405T0047199117_d_img_d18,South Pole,-69.856203,-69.015719,342.512909,342.895920,/ch2/protected/downloadData/POST_OD/isda_archive/ch2_bundle/cho_bundle/nop/ohr_collection/data/calibrated/20210405/ch2_ohr_ncp_20210405T0047199117_d_img_d18.zip?ohrc,True
ch2_ohr_ncp_20210405T0047199117_d_img_d32,South Pole,-69.715072,-69.018637,342.596246,342.991242,/ch2/protected/downloadData/POST_OD/isda_archive/ch2_bundle/cho_bundle/nop/ohr_collection/data/calibrated/20210405/ch2_ohr_ncp_20210405T0047199117_d_img_d32.zip?ohrc,True
ch2_ohr_ncp_20210405T0047199239_d_img_d18,South Pole,-69.858923,-69.010462,342.483869,342.892766,/ch2/protected/downloadData/POST_OD/isda_archive/ch2_bundle/cho_bundle/nop/ohr_collection/data/calibrated/20210405/ch2_ohr_ncp_20210405T0047199239_d_img_d18.zip?ohrc,True
ch2_ohr_ncp_20210405T0047199239_d_img_d32,South Pole,-69.867007,-68.982994,342.481186,342.888501,/ch2/protected/downloadData/POST_OD/isda_archive/ch2_bundle/cho_bundle/nop/ohr_collection/data/calibrated/20210405/ch2_ohr_ncp_20210405T0047199239_d_img_d32.zip?ohrc,True
ch2_ohr_ncp_20210405T0245288072_d_img_d18,South Pole,-69.586602,-69.056013,342.517670,342.868594,/ch2/protected/downloadData/POST_OD/isda_archive/ch2_bundle/cho_bundle/nop/ohr_collection/data/calibrated/20210405/ch2_ohr_ncp_20210405T0245288072_d_img_d18.zip?ohrc,True
ch2_ohr_ncp_20210405T0245288189_d_img_d18,South Pole,-69.675175,-68.960911,342.554168,342.855093,/ch2/protected/downloadData/POST_OD/isda_archive/ch2_bundle/cho_bundle/nop/ohr_collection/data/calibrated/20210405/ch2_ohr_ncp_20210405T0245288189_d_img_d18.zip?ohrc,True
ch2_ohr_ncp_20210405T0245288189_d_img_d32,South Pole,-69.231663,-69.112167,342.424544,342.863262,/ch2/protected/downloadData/POST_OD/isda_archive/ch2_bundle/cho_bundle/nop/ohr_collection/data/calibrated/20210405/ch2_ohr_ncp_20210405T0245288189_d_img_d32.zip?ohrc,True
ch2_ohr_ncp_20211228T2209123959_d_img_d18,South Pole,-89.923132,-89.252796,55.564452,233.745958,/ch2/protected/downloadData/POST_OD/isda_archive/ch2_bundle/cho_bundle/nop/ohr_collection/data/calibrated/20211228/ch2_ohr_ncp_20211228T2209123959_d_img_d18.zip?ohrc,True
ch2_ohr_ncp_20220713T1223352463_d_img_d32,South Pole,-69.985195,-69.147496,342.558116,342.878186,/ch2/protected/downloadData/POST_OD/isda_archive/ch2_bundle/cho_bundle/nop/ohr_collection/data/calibrated/20220713/ch2_ohr_ncp_20220713T1223352463_d_img_d32.zip?ohrc,True
ch2_ohr_ncp_20230302T1800381020_d_img_n18,South Pole,-69.576942,-68.736172,342.813920,343.116416,/ch2/protected/downloadData/POST_OD/isda_archive/ch2_bundle/cho_bundle/nop/ohr_collection/data/calibrated/20230302/ch2_ohr_ncp_20230302T1800381020_d_img_n18.zip?ohrc,True
ch2_ohr_ncp_20230302T1959073730_d_img_n18,South Pole,-69.536216,-68.693250,342.777027,343.110211,/ch2/protected/downloadData/POST_OD/isda_archive/ch2_bundle/cho_bundle/nop/ohr_collection/data/calibrated/20230302/ch2_ohr_ncp_20230302T1959073730_d_img_n18.zip?ohrc,True
ch2_ohr_ncp_20230302T2156293910_d_img_n18,South Pole,-69.521299,-68.683820,342.515291,342.880967,/ch2/protected/downloadData/POST_OD/isda_archive/ch2_bundle/cho_bundle/nop/ohr_collection/data/calibrated/20230302/ch2_ohr_ncp_20230302T2156293910_d_img_n18.zip?ohrc,True
ch2_ohr_ncp_20230302T2354544015_d_img_n18,South Pole,-69.634610,-68.796195,342.483432,342.898171,/ch2/protected/downloadData/POST_OD/isda_archive/ch2_bundle/cho_bundle/nop/ohr_collection/data/calibrated/20230302/ch2_ohr_ncp_20230302T2354544015_d_img_n18.zip?ohrc,True
ch2_ohr_ncp_20230303T0152168201_d_img_n18,South Pole,-69.610086,-68.765222,342.216605,342.676090,/ch2/protected/downloadData/POST_OD/isda_archive/ch2_bundle/cho_bundle/nop/ohr_collection/data/calibrated/20230303/ch2_ohr_ncp_20230303T0152168201_d_img_n18.zip?ohrc,True
ch2_ohr_ncp_20230303T0350429688_d_img_n18,South Pole,-69.658867,-68.823982,342.181668,342.703130,/ch2/protected/downloadData/POST_OD/isda_archive/ch2_bundle/cho_bundle/nop/ohr_collection/data/calibrated/20230303/ch2_ohr_ncp_20230303T0350429688_d_img_n18.zip?ohrc,True
ch2_ohr_ncp_20230303T0350447888_d_img_n18,South Pole,-69.566229,-68.731343,342.161355,342.679670,/ch2/protected/downloadData/POST_OD/isda_archive/ch2_bundle/cho_bundle/nop/ohr_collection/data/calibrated/20230303/ch2_ohr_ncp_20230303T0350447888_d_img_n18.zip?ohrc,True
ch2_ohr_ncp_20230314T2248163763_d_img_d32,South Pole,-88.792505,-88.433594,272.914801,307.654321,/ch2/protected/downloadData/POST_OD/isda_archive/ch2_bundle/cho_bundle/nop/ohr_collection/data/calibrated/20230314/ch2_ohr_ncp_20230314T2248163763_d_img_d32.zip?ohrc,True
ch2_ohr_ncp_20230506T0548584558_d_img_d32,South Pole,-69.715813,-68.897956,32.130205,32.549315,/ch2/protected/downloadData/POST_OD/isda_archive/ch2_bundle/cho_bundle/nop/ohr_collection/data/calibrated/20230506/ch2_ohr_ncp_20230506T0548584558_d_img_d32.zip?ohrc,True
ch2_ohr_ncp_20230510T0115143524_d_img_d32,South Pole,-69.740619,-68.911994,342.044915,342.438146,/ch2/protected/downloadData/POST_OD/isda_archive/ch2_bundle/cho_bundle/nop/ohr_collection/data/calibrated/20230510/ch2_ohr_ncp_20230510T0115143524_d_img_d32.zip?ohrc,True
ch2_ohr_ncp_20230602T1535568927_d_img_d32,South Pole,-69.641275,-68.813387,32.025540,32.366507,/ch2/protected/downloadData/POST_OD/isda_archive/ch2_bundle/cho_bundle/nop/ohr_collection/data/calibrated/20230602/ch2_ohr_ncp_20230602T1535568927_d_img_d32.zip?ohrc,True
ch2_ohr_ncp_20230818T1143415582_d_img_n18,South Pole,-73.072298,-72.234792,100.212078,100.551661,/ch2/protected/downloadData/POST_OD/isda_archive/ch2_bundle/cho_bundle/nop/ohr_collection/data/calibrated/20230818/ch2_ohr_ncp_20230818T1143415582_d_img_n18.zip?ohrc,True
ch2_ohr_ncp_20230820T0559124374_d_img_n18,Equatorial,62.386364,63.219192,76.388439,76.631982,/ch2/protected/downloadData/POST_OD/isda_archive/ch2_bundle/cho_bundle/nop/ohr_collection/data/calibrated/20230820/ch2_ohr_ncp_20230820T0559124374_d_img_n18.zip?ohrc,True
ch2_ohr_ncp_20230820T1432464329_d_img_n18,South Pole,-72.709221,-71.871851,73.258152,73.632894,/ch2/protected/downloadData/POST_OD/isda_archive/ch2_bundle/cho_bundle/nop/ohr_collection/data/calibrated/20230820/ch2_ohr_ncp_20230820T1432464329_d_img_n18.zip?ohrc,True
ch2_ohr_ncp_20230823T0858341949_d_img_n18,South Pole,-69.858100,-69.025550,32.091370,32.560619,/ch2/protected/downloadData/POST_OD/isda_archive/ch2_bundle/cho_bundle/nop/ohr_collection/data/calibrated/20230823/ch2_ohr_ncp_20230823T0858341949_d_img_n18.zip?ohrc,True
ch2_ohr_ncp_20230823T1450475804_d_img_n18,South Pole,-69.835882,-68.998724,32.155446,32.501771,/ch2/protected/downloadData/POST_OD/isda_archive/ch2_bundle/cho_bundle/nop/ohr_collection/data/calibrated/20230823/ch2_ohr_ncp_20230823T1450475804_d_img_n18.zip?ohrc,True
ch2_ohr_ncp_20230823T1647285085_d_img_n18,South Pole,-69.777566,-68.941882,32.162152,32.474759,/ch2/protected/downloadData/POST_OD/isda_archive/ch2_bundle/cho_bundle/nop/ohr_collection/data/calibrated/20230823/ch2_ohr_ncp_20230823T1647285085_d_img_n18.zip?ohrc,True
ch2_ohr_ncp_20230823T1647285315_d_img_n18,South Pole,-69.777421,-68.942275,32.162230,32.474485,/ch2/protected/downloadData/POST_OD/isda_archive/ch2_bundle/cho_bundle/nop/ohr_collection/data/calibrated/20230823/ch2_ohr_ncp_20230823T1647285315_d_img_n18.zip?ohrc,True
ch2_ohr_ncp_20230920T0012433743_d_img_d18,South Pole,-69.747748,-68.926865,32.098595,32.467705,/ch2/protected/downloadData/POST_OD/isda_archive/ch2_bundle/cho_bundle/nop/ohr_collection/data/calibrated/20230920/ch2_ohr_ncp_20230920T0012433743_d_img_d18.zip?ohrc,True
ch2_ohr_ncp_20231003T1756206908_d_img_d18,South Pole,-69.716159,-68.872060,32.098820,32.440567,/ch2/protected/downloadData/POST_OD/isda_archive/ch2_bundle/cho_bundle/nop/ohr_collection/data/calibrated/20231003/ch2_ohr_ncp_20231003T1756206908_d_img_d18.zip?ohrc,True
ch2_ohr_ncp_20231003T1955257529_d_img_d18,South Pole,-69.784992,-68.931190,32.073625,32.462596,/ch2/protected/downloadData/POST_OD/isda_archive/ch2_bundle/cho_bundle/nop/ohr_collection/data/calibrated/20231003/ch2_ohr_ncp_20231003T1955257529_d_img_d18.zip?ohrc,True
ch2_ohr_ncp_20231004T0406038822_d_img_d18,Equatorial,-13.778121,-12.920809,25.150754,25.259675,/ch2/protected/downloadData/POST_OD/isda_archive/ch2_bundle/cho_bundle/nop/ohr_collection/data/calibrated/20231004/ch2_ohr_ncp_20231004T0406038822_d_img_d18.zip?ohrc,True
ch2_ohr_ncp_20231030T2358211985_d_img_d18,South Pole,-69.758729,-68.903936,32.131388,32.437832,/ch2/protected/downloadData/POST_OD/isda_archive/ch2_bundle/cho_bundle/nop/ohr_collection/data/calibrated/20231030/ch2_ohr_ncp_20231030T2358211985_d_img_d18.zip?ohrc,True
ch2_ohr_ncp_20240229T0134448062_d_img_d18,South Pole,-85.719923,-84.925888,28.340681,34.346265,/ch2/protected/downloadData/POST_OD/isda_archive/ch2_bundle/cho_bundle/nop/ohr_collection/data/calibrated/20240229/ch2_ohr_ncp_20240229T0134448062_d_img_d18.zip?ohrc,True
ch2_ohr_ncp_20240229T0134466260_d_img_d18,South Pole,-85.680621,-84.873708,27.906394,33.835649,/ch2/protected/downloadData/POST_OD/isda_archive/ch2_bundle/cho_bundle/nop/ohr_collection/data/calibrated/20240229/ch2_ohr_ncp_20240229T0134466260_d_img_d18.zip?ohrc,True
ch2_ohr_ncp_20240229T0921574793_d_img_d18,South Pole,-85.780137,-84.945263,28.635890,33.801863,/ch2/protected/downloadData/POST_OD/isda_archive/ch2_bundle/cho_bundle/nop/ohr_collection/data/calibrated/20240229/ch2_ohr_ncp_20240229T0921574793_d_img_d18.zip?ohrc,True
ch2_ohr_ncp_20240229T0921593215_d_img_d18,South Pole,-85.908155,-85.086985,27.309084,32.859870,/ch2/protected/downloadData/POST_OD/isda_archive/ch2_bundle/cho_bundle/nop/ohr_collection/data/calibrated/20240229/ch2_ohr_ncp_20240229T0921593215_d_img_d18.zip?ohrc,True
ch2_ohr_ncp_20240315T2053268535_d_img_d18,South Pole,-69.858608,-68.992924,32.182005,32.561063,/ch2/protected/downloadData/POST_OD/isda_archive/ch2_bundle/cho_bundle/nop/ohr_collection/data/calibrated/20240315/ch2_ohr_ncp_20240315T2053268535_d_img_d18.zip?ohrc,True
ch2_ohr_ncp_20240316T0457443193_d_img_d18,Equatorial,-13.840134,-12.962821,25.192406,25.297498,/ch2/protected/downloadData/POST_OD/isda_archive/ch2_bundle/cho_bundle/nop/ohr_collection/data/calibrated/20240316/ch2_ohr_ncp_20240316T0457443193_d_img_d18.zip?ohrc,True
ch2_ohr_ncp_20240316T2008014680_d_img_d18,South Pole,-85.934206,-85.095173,30.211200,34.330103,/ch2/protected/downloadData/POST_OD/isda_archive/ch2_bundle/cho_bundle/nop/ohr_collection/data/calibrated/20240316/ch2_ohr_ncp_20240316T2008014680_d_img_d18.zip?ohrc,True
ch2_ohr_ncp_20240316T2008027522_d_img_d18,South Pole,-85.853336,-85.206689,30.423668,33.825862,/ch2/protected/downloadData/POST_OD/isda_archive/ch2_bundle/cho_bundle/nop/ohr_collection/data/calibrated/20240316/ch2_ohr_ncp_20240316T2008027522_d_img_d18.zip?ohrc,True
ch2_ohr_ncp_20240316T2008027553_d_img_d18,South Pole,-85.853187,-85.012087,29.859299,33.825213,/ch2/protected/downloadData/POST_OD/isda_archive/ch2_bundle/cho_bundle/nop/ohr_collection/data/calibrated/20240316/ch2_ohr_ncp_20240316T2008027553_d_img_d18.zip?ohrc,True
ch2_ohr_ncp_20240316T2205443428_d_img_d18,South Pole,-85.860125,-85.011181,29.927248,34.158540,/ch2/protected/downloadData/POST_OD/isda_archive/ch2_bundle/cho_bundle/nop/ohr_collection/data/calibrated/20240316/ch2_ohr_ncp_20240316T2205443428_d_img_d18.zip?ohrc,True
ch2_ohr_ncp_20240316T2205464986_d_img_d18,South Pole,-85.772840,-84.922422,29.748948,33.856171,/ch2/protected/downloadData/POST_OD/isda_archive/ch2_bundle/cho_bundle/nop/ohr_collection/data/calibrated/20240316/ch2_ohr_ncp_20240316T2205464986_d_img_d18.zip?ohrc,True
ch2_ohr_ncp_20240330T0035085365_d_img_d18,Equatorial,-0.444178,0.372032,23.454679,23.593739,/ch2/protected/downloadData/POST_OD/isda_archive/ch2_bundle/cho_bundle/nop/ohr_collection/data/calibrated/20240330/ch2_ohr_ncp_20240330T0035085365_d_img_d18.zip?ohrc,True
ch2_ohr_ncp_20240401T1910512859_d_img_d18,South Pole,-89.608345,-89.194907,194.302005,281.605357,/ch2/protected/downloadData/POST_OD/isda_archive/ch2_bundle/cho_bundle/nop/ohr_collection/data/calibrated/20240401/ch2_ohr_ncp_20240401T1910512859_d_img_d18.zip?ohrc,True
ch2_ohr_ncp_20240401T2108295334_d_img_d18,South Pole,-89.557726,-89.203854,196.325836,288.300553,/ch2/protected/downloadData/POST_OD/isda_archive/ch2_bundle/cho_bundle/nop/ohr_collection/data/calibrated/20240401/ch2_ohr_ncp_20240401T2108295334_d_img_d18.zip?ohrc,True
ch2_ohr_ncp_20240403T0020334413_d_img_d18,South Pole,-89.576659,-89.304823,179.636609,283.288938,/ch2/protected/downloadData/POST_OD/isda_archive/ch2_bundle/cho_bundle/nop/ohr_collection/data/calibrated/20240403/ch2_ohr_ncp_20240403T0020334413_d_img_d18.zip?ohrc,True
ch2_ohr_ncp_20240403T0020335140_d_img_d18,South Pole,-89.534703,-89.330276,182.903763,285.854978,/ch2/protected/downloadData/POST_OD/isda_archive/ch2_bundle/cho_bundle/nop/ohr_collection/data/calibrated/20240403/ch2_ohr_ncp_20240403T0020335140_d_img_d18.zip?ohrc,True
ch2_ohr_ncp_20240403T0413512647_d_img_d18,South Pole,-89.568719,-89.295951,178.391686,279.823474,/ch2/protected/downloadData/POST_OD/isda_archive/ch2_bundle/cho_bundle/nop/ohr_collection/data/calibrated/20240403/ch2_ohr_ncp_20240403T0413512647_d_img_d18.zip?ohrc,True
ch2_ohr_ncp_20240403T0413513276_d_img_d18,South Pole,-89.570868,-89.293307,178.250636,279.492958,/ch2/protected/downloadData/POST_OD/isda_archive/ch2_bundle/cho_bundle/nop/ohr_collection/data/calibrated/20240403/ch2_ohr_ncp_20240403T0413513276_d_img_d18.zip?ohrc,True
ch2_ohr_ncp_20240403T1750244247_d_img_d18,South Pole,-89.608692,-89.397294,220.980719,275.256137,/ch2/protected/downloadData/POST_OD/isda_archive/ch2_bundle/cho_bundle/nop/ohr_collection/data/calibrated/20240403/ch2_ohr_ncp_20240403T1750244247_d_img_d18.zip?ohrc,True
ch2_ohr_ncp_20240403T1750244263_d_img_d18,South Pole,-89.464905,-89.325884,179.991174,275.248120,/ch2/protected/downloadData/POST_OD/isda_archive/ch2_bundle/cho_bundle/nop/ohr_collection/data/calibrated/20240403/ch2_ohr_ncp_20240403T1750244263_d_img_d18.zip?ohrc,True
ch2_ohr_ncp_20240406T0052354542_d_img_d18,South Pole,-89.486681,-89.295563,160.748415,253.165927,/ch2/protected/downloadData/POST_OD/isda_archive/ch2_bundle/cho_bundle/nop/ohr_collection/data/calibrated/20240406/ch2_ohr_ncp_20240406T0052354542_d_img_d18.zip?ohrc,True
ch2_ohr_ncp_20240406T0052354556_d_img_d18,South Pole,-89.517761,-89.264215,164.761437,255.790215,/ch2/protected/downloadData/POST_OD/isda_archive/ch2_bundle/cho_bundle/nop/ohr_collection/data/calibrated/20240406/ch2_ohr_ncp_20240406T0052354556_d_img_d18.zip?ohrc,True
ch2_ohr_ncp_20240406T0251039072_d_img_d18,South Pole,-89.532223,-89.263433,163.556699,256.085628,/ch2/protected/downloadData/POST_OD/isda_archive/ch2_bundle/cho_bundle/nop/ohr_collection/data/calibrated/20240406/ch2_ohr_ncp_20240406T0251039072_d_img_d18.zip?ohrc,True
ch2_ohr_ncp_20240406T0448502631_d_img_d18,South Pole,-89.549672,-89.258084,163.577426,256.317185,/ch2/protected/downloadData/POST_OD/isda_archive/ch2_bundle/cho_bundle/nop/ohr_collection/data/calibrated/20240406/ch2_ohr_ncp_20240406T0448502631_d_img_d18.zip?ohrc,True
ch2_ohr_ncp_20240406T0647198831_d_img_d18,South Pole,-89.568940,-89.199899,170.060102,256.935850,/ch2/protected/downloadData/POST_OD/isda_archive/ch2_bundle/cho_bundle/nop/ohr_collection/data/calibrated/20240406/ch2_ohr_ncp_20240406T0647198831_d_img_d18.zip?ohrc,True
ch2_ohr_ncp_20240406T0647198948_d_img_d18,South Pole,-89.568678,-89.200349,169.993833,256.913658,/ch2/protected/downloadData/POST_OD/isda_archive/ch2_bundle/cho_bundle/nop/ohr_collection/data/calibrated/20240406/ch2_ohr_ncp_20240406T0647198948_d_img_d18.zip?ohrc,True
ch2_ohr_ncp_20240425T1012478407_d_img_d18,South Pole,-69.813625,-68.985942,32.119251,32.566107,/ch2/protected/downloadData/POST_OD/isda_archive/ch2_bundle/cho_bundle/nop/ohr_collection/data/calibrated/20240425/ch2_ohr_ncp_20240425T1012478407_d_img_d18.zip?ohrc,True
ch2_ohr_ncp_20240425T1209509264_d_img_d18,South Pole,-69.850788,-69.015312,32.126886,32.533886,/ch2/protected/downloadData/POST_OD/isda_archive/ch2_bundle/cho_bundle/nop/ohr_collection/data/calibrated/20240425/ch2_ohr_ncp_20240425T1209509264_d_img_d18.zip?ohrc,True
ch2_ohr_ncp_20240425T1406019344_d_img_d18,South Pole,-69.836621,-69.003358,32.141645,32.512423,/ch2/protected/downloadData/POST_OD/isda_archive/ch2_bundle/cho_bundle/nop/ohr_collection/data/calibrated/20240425/ch2_ohr_ncp_20240425T1406019344_d_img_d18.zip?ohrc,True
ch2_ohr_ncp_20240425T1603031918_d_img_d18,South Pole,-69.829483,-68.993323,32.154315,32.508945,/ch2/protected/downloadData/POST_OD/isda_archive/ch2_bundle/cho_bundle/nop/ohr_collection/data/calibrated/20240425/ch2_ohr_ncp_20240425T1603031918_d_img_d18.zip?ohrc,True
ch2_ohr_ncp_20240812T1108565652_d_img_d18,South Pole,-85.419998,-84.570059,34.999899,36.898597,/ch2/protected/downloadData/POST_OD/isda_archive/ch2_bundle/cho_bundle/nop/ohr_collection/data/calibrated/20240812/ch2_ohr_ncp_20240812T1108565652_d_img_d18.zip?ohrc,True
ch2_ohr_ncp_20240812T1306075730_d_img_d18,South Pole,-85.406738,-84.561706,35.109522,36.856441,/ch2/protected/downloadData/POST_OD/isda_archive/ch2_bundle/cho_bundle/nop/ohr_collection/data/calibrated/20240812/ch2_ohr_ncp_20240812T1306075730_d_img_d18.zip?ohrc,True
ch2_ohr_ncp_20240812T1501502417_d_img_d18,South Pole,-85.460638,-84.620592,25.204056,28.228480,/ch2/protected/downloadData/POST_OD/isda_archive/ch2_bundle/cho_bundle/nop/ohr_collection/data/calibrated/20240812/ch2_ohr_ncp_20240812T1501502417_d_img_d18.zip?ohrc,True
ch2_ohr_ncp_20240812T1659024159_d_img_d18,South Pole,-85.596029,-84.751406,24.960804,27.970769,/ch2/protected/downloadData/POST_OD/isda_archive/ch2_bundle/cho_bundle/nop/ohr_collection/data/calibrated/20240812/ch2_ohr_ncp_20240812T1659024159_d_img_d18.zip?ohrc,True
ch2_ohr_ncp_20240815T1055378877_d_img_d18,South Pole,-85.984996,-85.150808,341.403164,345.787238,/ch2/protected/downloadData/POST_OD/isda_archive/ch2_bundle/cho_bundle/nop/ohr_collection/data/calibrated/20240815/ch2_ohr_ncp_20240815T1055378877_d_img_d18.zip?ohrc,True
ch2_ohr_ncp_20240815T1252546701_d_img_d18,South Pole,-86.013214,-85.203421,341.446405,345.585498,/ch2/protected/downloadData/POST_OD/isda_archive/ch2_bundle/cho_bundle/nop/ohr_collection/data/calibrated/20240815/ch2_ohr_ncp_20240815T1252546701_d_img_d18.zip?ohrc,True
ch2_ohr_ncp_20240815T1252546710_d_img_d18,South Pole,-86.045722,-85.203471,341.292626,345.585346,/ch2/protected/downloadData/POST_OD/isda_archive/ch2_bundle/cho_bundle/nop/ohr_collection/data/calibrated/20240815/ch2_ohr_ncp_20240815T1252546710_d_img_d18.zip?ohrc,True
ch2_ohr_ncp_20240930T1431489952_d_img_d18,South Pole,-89.481058,-89.237257,168.544666,254.654083,/ch2/protected/downloadData/POST_OD/isda_archive/ch2_bundle/cho_bundle/nop/ohr_collection/data/calibrated/20240930/ch2_ohr_ncp_20240930T1431489952_d_img_d18.zip?ohrc,True
ch2_ohr_ncp_20240930T1431489991_d_img_d18,South Pole,-89.481174,-89.237114,168.563237,254.664581,/ch2/protected/downloadData/POST_OD/isda_archive/ch2_bundle/cho_bundle/nop/ohr_collection/data/calibrated/20240930/ch2_ohr_ncp_20240930T1431489991_d_img_d18.zip?ohrc,True
ch2_ohr_ncp_20240930T1629311231_d_img_d18,South Pole,-89.500397,-89.225886,168.415370,255.060647,/ch2/protected/downloadData/POST_OD/isda_archive/ch2_bundle/cho_bundle/nop/ohr_collection/data/calibrated/20240930/ch2_ohr_ncp_20240930T1629311231_d_img_d18.zip?ohrc,True
ch2_ohr_ncp_20240930T1828031829_d_img_d18,South Pole,-89.506441,-89.215401,169.525992,254.719989,/ch2/protected/downloadData/POST_OD/isda_archive/ch2_bundle/cho_bundle/nop/ohr_collection/data/calibrated/20240930/ch2_ohr_ncp_20240930T1828031829_d_img_d18.zip?ohrc,True
ch2_ohr_ncp_20240930T2025441752_d_img_d18,South Pole,-89.522339,-89.221357,167.294522,254.716952,/ch2/protected/downloadData/POST_OD/isda_archive/ch2_bundle/cho_bundle/nop/ohr_collection/data/calibrated/20240930/ch2_ohr_ncp_20240930T2025441752_d_img_d18.zip?ohrc,True
ch2_ohr_ncp_20241021T1158195812_d_img_d18,South Pole,-85.018747,-84.182394,32.897589,36.523860,/ch2/protected/downloadData/POST_OD/isda_archive/ch2_bundle/cho_bundle/nop/ohr_collection/data/calibrated/20241021/ch2_ohr_ncp_20241021T1158195812_d_img_d18.zip?ohrc,True
ch2_ohr_ncp_20241021T1355494741_d_img_d18,South Pole,-85.183516,-84.346259,33.252128,37.262788,/ch2/protected/downloadData/POST_OD/isda_archive/ch2_bundle/cho_bundle/nop/ohr_collection/data/calibrated/20241021/ch2_ohr_ncp_20241021T1355494741_d_img_d18.zip?ohrc,True
ch2_ohr_ncp_20241022T0330375976_d_img_d18,South Pole,-85.413585,-84.580085,24.528107,28.486683,/ch2/protected/downloadData/POST_OD/isda_archive/ch2_bundle/cho_bundle/nop/ohr_collection/data/calibrated/20241022/ch2_ohr_ncp_20241022T0330375976_d_img_d18.zip?ohrc,True
ch2_ohr_ncp_20241022T0528085924_d_img_d18,South Pole,-85.390340,-84.553117,24.332852,28.439781,/ch2/protected/downloadData/POST_OD/isda_archive/ch2_bundle/cho_bundle/nop/ohr_collection/data/calibrated/20241022/ch2_ohr_ncp_20241022T0528085924_d_img_d18.zip?ohrc,True
ch2_ohr_ncp_20241025T0913019493_d_img_d18,South Pole,-85.660699,-84.832813,342.318670,346.489131,/ch2/protected/downloadData/POST_OD/isda_archive/ch2_bundle/cho_bundle/nop/ohr_collection/data/calibrated/20241025/ch2_ohr_ncp_20241025T0913019493_d_img_d18.zip?ohrc,True
ch2_ohr_ncp_20241025T1110133796_d_img_d18,South Pole,-85.677223,-84.848380,342.238265,346.614764,/ch2/protected/downloadData/POST_OD/isda_archive/ch2_bundle/cho_bundle/nop/ohr_collection/data/calibrated/20241025/ch2_ohr_ncp_20241025T1110133796_d_img_d18.zip?ohrc,True
ch2_ohr_ncp_20241026T0831193183_d_img_d18,South Pole,-86.742695,-85.915846,329.669206,335.239951,/ch2/protected/downloadData/POST_OD/isda_archive/ch2_bundle/cho_bundle/nop/ohr_collection/data/calibrated/20241026/ch2_ohr_ncp_20241026T0831193183_d_img_d18.zip?ohrc,True
ch2_ohr_ncp_20241026T1028357345_d_img_d18,South Pole,-86.772657,-85.942481,329.453451,335.321247,/ch2/protected/downloadData/POST_OD/isda_archive/ch2_bundle/cho_bundle/nop/ohr_collection/data/calibrated/20241026/ch2_ohr_ncp_20241026T1028357345_d_img_d18.zip?ohrc,True
ch2_ohr_ncp_20241026T1223363013_d_img_d18,South Pole,-89.422731,-89.215142,186.844114,269.271293,/ch2/protected/downloadData/POST_OD/isda_archive/ch2_bundle/cho_bundle/nop/ohr_collection/data/calibrated/20241026/ch2_ohr_ncp_20241026T1223363013_d_img_d18.zip?ohrc,True
ch2_ohr_ncp_20241026T1420364520_d_img_d18,South Pole,-89.422812,-89.200177,188.444444,268.723765,/ch2/protected/downloadData/POST_OD/isda_archive/ch2_bundle/cho_bundle/nop/ohr_collection/data/calibrated/20241026/ch2_ohr_ncp_20241026T1420364520_d_img_d18.zip?ohrc,True
ch2_ohr_ncp_20241109T0245483377_d_img_d18,South Pole,-89.442370,-89.223205,173.754902,255.625428,/ch2/protected/downloadData/POST_OD/isda_archive/ch2_bundle/cho_bundle/nop/ohr_collection/data/calibrated/20241109/ch2_ohr_ncp_20241109T0245483377_d_img_d18.zip?ohrc,True
ch2_ohr_ncp_20241110T0204291731_d_img_d18,South Pole,-89.424458,-89.255975,162.896951,246.835401,/ch2/protected/downloadData/POST_OD/isda_archive/ch2_bundle/cho_bundle/nop/ohr_collection/data/calibrated/20241110/ch2_ohr_ncp_20241110T0204291731_d_img_d18.zip?ohrc,True
ch2_ohr_ncp_20241111T0516278303_d_img_d18,South Pole,-89.505107,-89.260785,141.209420,231.436761,/ch2/protected/downloadData/POST_OD/isda_archive/ch2_bundle/cho_bundle/nop/ohr_collection/data/calibrated/20241111/ch2_ohr_ncp_20241111T0516278303_d_img_d18.zip?ohrc,True
ch2_ohr_ncp_20241114T0201299544_d_img_d18,South Pole,-89.829866,-89.107051,160.555637,236.397504,/ch2/protected/downloadData/POST_OD/isda_archive/ch2_bundle/cho_bundle/nop/ohr_collection/data/calibrated/20241114/ch2_ohr_ncp_20241114T0201299544_d_img_d18.zip?ohrc,True
ch2_ohr_ncp_20241114T0400052052_d_img_d18,South Pole,-89.832882,-89.084901,163.791460,236.139814,/ch2/protected/downloadData/POST_OD/isda_archive/ch2_bundle/cho_bundle/nop/ohr_collection/data/calibrated/20241114/ch2_ohr_ncp_20241114T0400052052_d_img_d18.zip?ohrc,True
ch2_ohr_ncp_20241115T1326321339_d_img_d18,South Pole,-89.946885,-89.199860,22.453651,229.728973,/ch2/protected/downloadData/POST_OD/isda_archive/ch2_bundle/cho_bundle/nop/ohr_collection/data/calibrated/20241115/ch2_ohr_ncp_20241115T1326321339_d_img_d18.zip?ohrc,True
ch2_ohr_ncp_20241115T1525004388_d_img_d18,South Pole,-89.950601,-89.193425,4.686608,229.330040,/ch2/protected/downloadData/POST_OD/isda_archive/ch2_bundle/cho_bundle/nop/ohr_collection/data/calibrated/20241115/ch2_ohr_ncp_20241115T1525004388_d_img_d18.zip?ohrc,True
ch2_ohr_ncp_20241116T1502372869_d_img_d18,South Pole,-85.778197,-84.936142,36.864531,38.968622,/ch2/protected/downloadData/POST_OD/isda_archive/ch2_bundle/cho_bundle/nop/ohr_collection/data/calibrated/20241116/ch2_ohr_ncp_20241116T1502372869_d_img_d18.zip?ohrc,True
ch2_ohr_ncp_20241116T1701222628_d_img_d18,South Pole,-85.765618,-84.901113,36.721474,38.964228,/ch2/protected/downloadData/POST_OD/isda_archive/ch2_bundle/cho_bundle/nop/ohr_collection/data/calibrated/20241116/ch2_ohr_ncp_20241116T1701222628_d_img_d18.zip?ohrc,True
ch2_ohr_ncp_20241116T2056554276_d_img_d18,South Pole,-85.107414,-84.335000,35.178652,37.190092,/ch2/protected/downloadData/POST_OD/isda_archive/ch2_bundle/cho_bundle/nop/ohr_collection/data/calibrated/20241116/ch2_ohr_ncp_20241116T2056554276_d_img_d18.zip?ohrc,True
ch2_ohr_ncp_20241116T2255411383_d_img_d18,South Pole,-85.086533,-84.223044,34.978995,37.153792,/ch2/protected/downloadData/POST_OD/isda_archive/ch2_bundle/cho_bundle/nop/ohr_collection/data/calibrated/20241116/ch2_ohr_ncp_20241116T2255411383_d_img_d18.zip?ohrc,True
ch2_ohr_ncp_20241117T1439153327_d_img_d18,South Pole,-84.708333,-83.872713,31.363202,34.151500,/ch2/protected/downloadData/POST_OD/isda_archive/ch2_bundle/cho_bundle/nop/ohr_collection/data/calibrated/20241117/ch2_ohr_ncp_20241117T1439153327_d_img_d18.zip?ohrc,True
ch2_ohr_ncp_20241117T1637538832_d_img_d18,South Pole,-84.721671,-83.875864,31.293321,34.221538,/ch2/protected/downloadData/POST_OD/isda_archive/ch2_bundle/cho_bundle/nop/ohr_collection/data/calibrated/20241117/ch2_ohr_ncp_20241117T1637538832_d_img_d18.zip?ohrc,True
ch2_ohr_ncp_20241117T2033118394_d_img_d18,South Pole,-85.149013,-84.314455,28.012773,31.047939,/ch2/protected/downloadData/POST_OD/isda_archive/ch2_bundle/cho_bundle/nop/ohr_collection/data/calibrated/20241117/ch2_ohr_ncp_20241117T2033118394_d_img_d18.zip?ohrc,True
ch2_ohr_ncp_20241117T2231473558_d_img_d18,South Pole,-85.055349,-84.209932,27.762554,30.847562,/ch2/protected/downloadData/POST_OD/isda_archive/ch2_bundle/cho_bundle/nop/ohr_collection/data/calibrated/20241117/ch2_ohr_ncp_20241117T2231473558_d_img_d18.zip?ohrc,True
ch2_ohr_ncp_20241118T1613209337_d_img_d18,South Pole,-85.404540,-84.582157,23.700689,27.953066,/ch2/protected/downloadData/POST_OD/isda_archive/ch2_bundle/cho_bundle/nop/ohr_collection/data/calibrated/20241118/ch2_ohr_ncp_20241118T1613209337_d_img_d18.zip?ohrc,True
ch2_ohr_ncp_20241118T1811493960_d_img_d18,South Pole,-85.416877,-84.606497,23.692080,28.113531,/ch2/protected/downloadData/POST_OD/isda_archive/ch2_bundle/cho_bundle/nop/ohr_collection/data/calibrated/20241118/ch2_ohr_ncp_20241118T1811493960_d_img_d18.zip?ohrc,True
ch2_ohr_ncp_20241122T2032152096_d_img_d18,South Pole,-87.049394,-86.237409,330.202650,337.136522,/ch2/protected/downloadData/POST_OD/isda_archive/ch2_bundle/cho_bundle/nop/ohr_collection/data/calibrated/20241122/ch2_ohr_ncp_20241122T2032152096_d_img_d18.zip?ohrc,True
ch2_ohr_ncp_20241122T2230467113_d_img_d18,South Pole,-87.109116,-86.300437,330.367225,337.850402,/ch2/protected/downloadData/POST_OD/isda_archive/ch2_bundle/cho_bundle/nop/ohr_collection/data/calibrated/20241122/ch2_ohr_ncp_20241122T2230467113_d_img_d18.zip?ohrc,True
ch2_ohr_ncp_20241207T1022596159_d_img_d18,South Pole,-89.435465,-89.291008,162.770280,250.731935,/ch2/protected/downloadData/POST_OD/isda_archive/ch2_bundle/cho_bundle/nop/ohr_collection/data/calibrated/20241207/ch2_ohr_ncp_20241207T1022596159_d_img_d18.zip?ohrc,True
ch2_ohr_ncp_20241207T1221323234_d_img_d18,South Pole,-89.468902,-89.256269,158.660785,245.779169,/ch2/protected/downloadData/POST_OD/isda_archive/ch2_bundle/cho_bundle/nop/ohr_collection/data/calibrated/20241207/ch2_ohr_ncp_20241207T1221323234_d_img_d18.zip?ohrc,True
ch2_ohr_ncp_20241208T1156301026_d_img_d18,South Pole,-89.469803,-89.320776,145.649604,239.648039,/ch2/protected/downloadData/POST_OD/isda_archive/ch2_bundle/cho_bundle/nop/ohr_collection/data/calibrated/20241208/ch2_ohr_ncp_20241208T1156301026_d_img_d18.zip?ohrc,True
ch2_ohr_ncp_20241208T1355014366_d_img_d18,South Pole,-89.455534,-89.319759,151.907451,244.562843,/ch2/protected/downloadData/POST_OD/isda_archive/ch2_bundle/cho_bundle/nop/ohr_collection/data/calibrated/20241208/ch2_ohr_ncp_20241208T1355014366_d_img_d18.zip?ohrc,True
ch2_ohr_ncp_20241215T0906093671_d_img_d18,South Pole,-84.756961,-83.931234,30.864413,34.412391,/ch2/protected/downloadData/POST_OD/isda_archive/ch2_bundle/cho_bundle/nop/ohr_collection/data/calibrated/20241215/ch2_ohr_ncp_20241215T0906093671_d_img_d18.zip?ohrc,True
ch2_ohr_ncp_20241215T1104345070_d_img_d18,South Pole,-84.708938,-83.885278,30.640818,34.345843,/ch2/protected/downloadData/POST_OD/isda_archive/ch2_bundle/cho_bundle/nop/ohr_collection/data/calibrated/20241215/ch2_ohr_ncp_20241215T1104345070_d_img_d18.zip?ohrc,True
ch2_ohr_ncp_20241215T1855274581_d_img_d18,South Pole,-85.060980,-84.238593,26.995402,31.033753,/ch2/protected/downloadData/POST_OD/isda_archive/ch2_bundle/cho_bundle/nop/ohr_collection/data/calibrated/20241215/ch2_ohr_ncp_20241215T1855274581_d_img_d18.zip?ohrc,True
ch2_ohr_ncp_20241215T2054016538_d_img_d18,South Pole,-84.992108,-84.174901,26.695570,30.819868,/ch2/protected/downloadData/POST_OD/isda_archive/ch2_bundle/cho_bundle/nop/ohr_collection/data/calibrated/20241215/ch2_ohr_ncp_20241215T2054016538_d_img_d18.zip?ohrc,True
ch2_ohr_ncp_20241218T0157148794_d_img_d18,South Pole,-86.291268,-85.483227,0.440669,359.095887,/ch2/protected/downloadData/POST_OD/isda_archive/ch2_bundle/cho_bundle/nop/ohr_collection/data/calibrated/20241218/ch2_ohr_ncp_20241218T0157148794_d_img_d18.zip?ohrc,True
ch2_ohr_ncp_20241218T0355316955_d_img_d18,South Pole,-86.335344,-85.530218,0.458285,359.093483,/ch2/protected/downloadData/POST_OD/isda_archive/ch2_bundle/cho_bundle/nop/ohr_collection/data/calibrated/20241218/ch2_ohr_ncp_20241218T0355316955_d_img_d18.zip?ohrc,True
ch2_ohr_ncp_20241218T0948555350_d_img_d18,South Pole,-86.194049,-85.384509,354.279435,359.798162,/ch2/protected/downloadData/POST_OD/isda_archive/ch2_bundle/cho_bundle/nop/ohr_collection/data/calibrated/20241218/ch2_ohr_ncp_20241218T0948555350_d_img_d18.zip?ohrc,True
ch2_ohr_ncp_20241218T1147291344_d_img_d18,South Pole,-86.214261,-85.404921,354.128238,359.958013,/ch2/protected/downloadData/POST_OD/isda_archive/ch2_bundle/cho_bundle/nop/ohr_collection/data/calibrated/20241218/ch2_ohr_ncp_20241218T1147291344_d_img_d18.zip?ohrc,True
ch2_ohr_ncp_20241220T0304582085_d_img_d18,South Pole,-87.090243,-86.278199,330.636958,337.576649,/ch2/protected/downloadData/POST_OD/isda_archive/ch2_bundle/cho_bundle/nop/ohr_collection/data/calibrated/20241220/ch2_ohr_ncp_20241220T0304582085_d_img_d18.zip?ohrc,True
ch2_ohr_ncp_20241220T0503166957_d_img_d18,South Pole,-87.115444,-86.307126,330.650250,337.930311,/ch2/protected/downloadData/POST_OD/isda_archive/ch2_bundle/cho_bundle/nop/ohr_collection/data/calibrated/20241220/ch2_ohr_ncp_20241220T0503166957_d_img_d18.zip?ohrc,True
ch2_ohr_ncp_20250111T2003456733_d_img_d18,South Pole,-85.930881,-85.130909,35.142928,40.842536,/ch2/protected/downloadData/POST_OD/isda_archive/ch2_bundle/cho_bundle/nop/ohr_collection/data/calibrated/20250111/ch2_ohr_ncp_20250111T2003456733_d_img_d18.zip?ohrc,True
ch2_ohr_ncp_20250112T1155461460_d_img_d18,South Pole,-85.541492,-84.730671,24.803408,29.803305,/ch2/protected/downloadData/POST_OD/isda_archive/ch2_bundle/cho_bundle/nop/ohr_collection/data/calibrated/20250112/ch2_ohr_ncp_20250112T1155461460_d_img_d18.zip?ohrc,True
ch2_ohr_ncp_20250122T0004383938_d_img_d18,South Pole,-89.880517,-89.256824,176.412994,234.542283,/ch2/protected/downloadData/POST_OD/isda_archive/ch2_bundle/cho_bundle/nop/ohr_collection/data/calibrated/20250122/ch2_ohr_ncp_20250122T0004383938_d_img_d18.zip?ohrc,True
ch2_ohr_ncp_20250122T0204071924_d_img_d18,South Pole,-89.889799,-89.080562,169.564783,234.624676,/ch2/protected/downloadData/POST_OD/isda_archive/ch2_bundle/cho_bundle/nop/ohr_collection/data/calibrated/20250122/ch2_ohr_ncp_20250122T0204071924_d_img_d18.zip?ohrc,True
ch2_ohr_ncp_20250122T0402446340_d_img_d18,South Pole,-89.894690,-89.070953,174.874943,234.711684,/ch2/protected/downloadData/POST_OD/isda_archive/ch2_bundle/cho_bundle/nop/ohr_collection/data/calibrated/20250122/ch2_ohr_ncp_20250122T0402446340_d_img_d18.zip?ohrc,True
ch2_ohr_ncp_20250122T0602135299_d_img_d18,South Pole,-89.910853,-89.094579,166.969601,233.824653,/ch2/protected/downloadData/POST_OD/isda_archive/ch2_bundle/cho_bundle/nop/ohr_collection/data/calibrated/20250122/ch2_ohr_ncp_20250122T0602135299_d_img_d18.zip?ohrc,True
ch2_ohr_ncp_20250123T0152149311_d_img_d18,South Pole,-89.868149,-89.051779,194.533126,250.200478,/ch2/protected/downloadData/POST_OD/isda_archive/ch2_bundle/cho_bundle/nop/ohr_collection/data/calibrated/20250123/ch2_ohr_ncp_20250123T0152149311_d_img_d18.zip?ohrc,True
ch2_ohr_ncp_20250123T0351559875_d_img_d18,South Pole,-89.800764,-88.980929,204.448226,242.851947,/ch2/protected/downloadData/POST_OD/isda_archive/ch2_bundle/cho_bundle/nop/ohr_collection/data/calibrated/20250123/ch2_ohr_ncp_20250123T0351559875_d_img_d18.zip?ohrc,True
ch2_ohr_ncp_20250123T0550245795_d_img_d18,South Pole,-89.722566,-88.904302,211.096525,238.577883,/ch2/protected/downloadData/POST_OD/isda_archive/ch2_bundle/cho_bundle/nop/ohr_collection/data/calibrated/20250123/ch2_ohr_ncp_20250123T0550245795_d_img_d18.zip?ohrc,True
ch2_ohr_ncp_20250123T0750012833_d_img_d18,South Pole,-89.847563,-89.023536,201.885520,250.490555,/ch2/protected/downloadData/POST_OD/isda_archive/ch2_bundle/cho_bundle/nop/ohr_collection/data/calibrated/20250123/ch2_ohr_ncp_20250123T0750012833_d_img_d18.zip?ohrc,True
ch2_ohr_ncp_20250125T0129111531_d_img_d18,South Pole,-89.750354,-88.952021,209.073304,257.682482,/ch2/protected/downloadData/POST_OD/isda_archive/ch2_bundle/cho_bundle/nop/ohr_collection/data/calibrated/20250125/ch2_ohr_ncp_20250125T0129111531_d_img_d18.zip?ohrc,True
ch2_ohr_ncp_20250125T0328498909_d_img_d18,South Pole,-89.794547,-89.153428,211.156082,264.329007,/ch2/protected/downloadData/POST_OD/isda_archive/ch2_bundle/cho_bundle/nop/ohr_collection/data/calibrated/20250125/ch2_ohr_ncp_20250125T0328498909_d_img_d18.zip?ohrc,True
ch2_ohr_ncp_20250202T0651231967_d_img_d18,South Pole,-89.608634,-89.032449,181.722852,246.755831,/ch2/protected/downloadData/POST_OD/isda_archive/ch2_bundle/cho_bundle/nop/ohr_collection/data/calibrated/20250202/ch2_ohr_ncp_20250202T0651231967_d_img_d18.zip?ohrc,True
ch2_ohr_ncp_20250202T0849412612_d_img_d18,South Pole,-89.593227,-88.913745,196.463086,249.375432,/ch2/protected/downloadData/POST_OD/isda_archive/ch2_bundle/cho_bundle/nop/ohr_collection/data/calibrated/20250202/ch2_ohr_ncp_20250202T0849412612_d_img_d18.zip?ohrc,True
ch2_ohr_ncp_20250203T0822531352_d_img_d18,South Pole,-89.751308,-89.093038,168.650167,241.417368,/ch2/protected/downloadData/POST_OD/isda_archive/ch2_bundle/cho_bundle/nop/ohr_collection/data/calibrated/20250203/ch2_ohr_ncp_20250203T0822531352_d_img_d18.zip?ohrc,True
ch2_ohr_ncp_20250208T0018096432_d_img_d18,South Pole,-85.872655,-85.060955,34.816521,39.926958,/ch2/protected/downloadData/POST_OD/isda_archive/ch2_bundle/cho_bundle/nop/ohr_collection/data/calibrated/20250208/ch2_ohr_ncp_20250208T0018096432_d_img_d18.zip?ohrc,True
ch2_ohr_ncp_20250208T0216307078_d_img_d18,South Pole,-85.850435,-85.181406,35.322754,39.969092,/ch2/protected/downloadData/POST_OD/isda_archive/ch2_bundle/cho_bundle/nop/ohr_collection/data/calibrated/20250208/ch2_ohr_ncp_20250208T0216307078_d_img_d18.zip?ohrc,True
ch2_ohr_ncp_20250208T1402457575_d_img_d18,South Pole,-85.353908,-84.540314,26.723277,31.180635,/ch2/protected/downloadData/POST_OD/isda_archive/ch2_bundle/cho_bundle/nop/ohr_collection/data/calibrated/20250208/ch2_ohr_ncp_20250208T1402457575_d_img_d18.zip?ohrc,True
ch2_ohr_ncp_20250208T1601019489_d_img_d18,South Pole,-85.308742,-84.495527,26.438657,30.984432,/ch2/protected/downloadData/POST_OD/isda_archive/ch2_bundle/cho_bundle/nop/ohr_collection/data/calibrated/20250208/ch2_ohr_ncp_20250208T1601019489_d_img_d18.zip?ohrc,True
ch2_ohr_ncp_20250222T0845585602_d_img_d18,South Pole,-89.727691,-89.056501,205.241387,274.257797,/ch2/protected/downloadData/POST_OD/isda_archive/ch2_bundle/cho_bundle/nop/ohr_collection/data/calibrated/20250222/ch2_ohr_ncp_20250222T0845585602_d_img_d18.zip?ohrc,True
ch2_ohr_ncp_20250222T1044298049_d_img_d18,South Pole,-89.734988,-89.041253,203.655549,270.426740,/ch2/protected/downloadData/POST_OD/isda_archive/ch2_bundle/cho_bundle/nop/ohr_collection/data/calibrated/20250222/ch2_ohr_ncp_20250222T1044298049_d_img_d18.zip?ohrc,True
ch2_ohr_ncp_20250227T0452132021_d_img_d18,South Pole,-89.441069,-89.213604,186.806800,259.577020,/ch2/protected/downloadData/POST_OD/isda_archive/ch2_bundle/cho_bundle/nop/ohr_collection/data/calibrated/20250227/ch2_ohr_ncp_20250227T0452132021_d_img_d18.zip?ohrc,True
ch2_ohr_ncp_20250227T0650429269_d_img_d18,South Pole,-89.391092,-89.272370,173.573404,256.726916,/ch2/protected/downloadData/POST_OD/isda_archive/ch2_bundle/cho_bundle/nop/ohr_collection/data/calibrated/20250227/ch2_ohr_ncp_20250227T0650429269_d_img_d18.zip?ohrc,True
ch2_ohr_ncp_20250227T0848253223_d_img_d18,South Pole,-89.437746,-89.234839,177.022626,260.026464,/ch2/protected/downloadData/POST_OD/isda_archive/ch2_bundle/cho_bundle/nop/ohr_collection/data/calibrated/20250227/ch2_ohr_ncp_20250227T0848253223_d_img_d18.zip?ohrc,True
ch2_ohr_ncp_20250227T1046517020_d_img_d18,South Pole,-89.532219,-89.155995,204.370974,264.271702,/ch2/protected/downloadData/POST_OD/isda_archive/ch2_bundle/cho_bundle/nop/ohr_collection/data/calibrated/20250227/ch2_ohr_ncp_20250227T1046517020_d_img_d18.zip?ohrc,True
ch2_ohr_ncp_20250227T1046517053_d_img_d18,South Pole,-89.489934,-89.156147,186.449647,264.262751,/ch2/protected/downloadData/POST_OD/isda_archive/ch2_bundle/cho_bundle/nop/ohr_collection/data/calibrated/20250227/ch2_ohr_ncp_20250227T1046517053_d_img_d18.zip?ohrc,True
ch2_ohr_ncp_20250228T0429255151_d_img_d18,South Pole,-89.549595,-89.176096,212.357125,256.004853,/ch2/protected/downloadData/POST_OD/isda_archive/ch2_bundle/cho_bundle/nop/ohr_collection/data/calibrated/20250228/ch2_ohr_ncp_20250228T0429255151_d_img_d18.zip?ohrc,True
ch2_ohr_ncp_20250228T0429255172_d_img_d18,South Pole,-89.512883,-89.176173,175.078010,256.000433,/ch2/protected/downloadData/POST_OD/isda_archive/ch2_bundle/cho_bundle/nop/ohr_collection/data/calibrated/20250228/ch2_ohr_ncp_20250228T0429255172_d_img_d18.zip?ohrc,True
ch2_ohr_ncp_20250228T0627528381_d_img_d18,South Pole,-89.409518,-89.091675,233.600111,257.421923,/ch2/protected/downloadData/POST_OD/isda_archive/ch2_bundle/cho_bundle/nop/ohr_collection/data/calibrated/20250228/ch2_ohr_ncp_20250228T0627528381_d_img_d18.zip?ohrc,True
ch2_ohr_ncp_20250228T0825372817_d_img_d18,South Pole,-89.545508,-89.111307,193.786118,255.875737,/ch2/protected/downloadData/POST_OD/isda_archive/ch2_bundle/cho_bundle/nop/ohr_collection/data/calibrated/20250228/ch2_ohr_ncp_20250228T0825372817_d_img_d18.zip?ohrc,True
ch2_ohr_ncp_20250228T1024057570_d_img_d18,South Pole,-89.555156,-89.072166,204.047335,257.592556,/ch2/protected/downloadData/POST_OD/isda_archive/ch2_bundle/cho_bundle/nop/ohr_collection/data/calibrated/20250228/ch2_ohr_ncp_20250228T1024057570_d_img_d18.zip?ohrc,True
ch2_ohr_ncp_20250301T0406349947_d_img_d18,South Pole,-89.600161,-89.111160,174.222107,250.582068,/ch2/protected/downloadData/POST_OD/isda_archive/ch2_bundle/cho_bundle/nop/ohr_collection/data/calibrated/20250301/ch2_ohr_ncp_20250301T0406349947_d_img_d18.zip?ohrc,True
ch2_ohr_ncp_20250301T0605135660_d_img_d18,South Pole,-89.594924,-89.092414,175.618517,249.543953,/ch2/protected/downloadData/POST_OD/isda_archive/ch2_bundle/cho_bundle/nop/ohr_collection/data/calibrated/20250301/ch2_ohr_ncp_20250301T0605135660_d_img_d18.zip?ohrc,True
ch2_ohr_ncp_20250301T0802459739_d_img_d18,South Pole,-89.618662,-89.037965,185.053700,251.410107,/ch2/protected/downloadData/POST_OD/isda_archive/ch2_bundle/cho_bundle/nop/ohr_collection/data/calibrated/20250301/ch2_ohr_ncp_20250301T0802459739_d_img_d18.zip?ohrc,True
ch2_ohr_ncp_20250302T0343544160_d_img_d18,South Pole,-89.672211,-89.198846,149.425938,242.257830,/ch2/protected/downloadData/POST_OD/isda_archive/ch2_bundle/cho_bundle/nop/ohr_collection/data/calibrated/20250302/ch2_ohr_ncp_20250302T0343544160_d_img_d18.zip?ohrc,True
ch2_ohr_ncp_20250302T0542319797_d_img_d18,South Pole,-89.702793,-89.177927,162.434186,242.295895,/ch2/protected/downloadData/POST_OD/isda_archive/ch2_bundle/cho_bundle/nop/ohr_collection/data/calibrated/20250302/ch2_ohr_ncp_20250302T0542319797_d_img_d18.zip?ohrc,True
ch2_ohr_ncp_20250302T0740081828_d_img_d18,South Pole,-89.667239,-89.232762,141.384748,239.975561,/ch2/protected/downloadData/POST_OD/isda_archive/ch2_bundle/cho_bundle/nop/ohr_collection/data/calibrated/20250302/ch2_ohr_ncp_20250302T0740081828_d_img_d18.zip?ohrc,True
ch2_ohr_ncp_20250302T0938436809_d_img_d18,South Pole,-89.720887,-89.057407,175.280058,244.179511,/ch2/protected/downloadData/POST_OD/isda_archive/ch2_bundle/cho_bundle/nop/ohr_collection/data/calibrated/20250302/ch2_ohr_ncp_20250302T0938436809_d_img_d18.zip?ohrc,True
ch2_ohr_ncp_20250303T0519189364_d_img_d18,South Pole,-89.790472,-89.168535,142.893574,236.773669,/ch2/protected/downloadData/POST_OD/isda_archive/ch2_bundle/cho_bundle/nop/ohr_collection/data/calibrated/20250303/ch2_ohr_ncp_20250303T0519189364_d_img_d18.zip?ohrc,True
ch2_ohr_ncp_20250303T0915317317_d_img_d18,South Pole,-89.780323,-89.227415,124.770539,234.812719,/ch2/protected/downloadData/POST_OD/isda_archive/ch2_bundle/cho_bundle/nop/ohr_collection/data/calibrated/20250303/ch2_ohr_ncp_20250303T0915317317_d_img_d18.zip?ohrc,True
ch2_ohr_ncp_20250303T1114102638_d_img_d18,South Pole,-89.823270,-89.188605,134.160473,236.150528,/ch2/protected/downloadData/POST_OD/isda_archive/ch2_bundle/cho_bundle/nop/ohr_collection/data/calibrated/20250303/ch2_ohr_ncp_20250303T1114102638_d_img_d18.zip?ohrc,True
ch2_ohr_ncp_20250304T0456267027_d_img_d18,South Pole,-89.723675,-89.131477,204.980543,232.928794,/ch2/protected/downloadData/POST_OD/isda_archive/ch2_bundle/cho_bundle/nop/ohr_collection/data/calibrated/20250304/ch2_ohr_ncp_20250304T0456267027_d_img_d18.zip?ohrc,True
ch2_ohr_ncp_20250304T0456267435_d_img_d18,South Pole,-89.922564,-89.132959,147.892005,232.918775,/ch2/protected/downloadData/POST_OD/isda_archive/ch2_bundle/cho_bundle/nop/ohr_collection/data/calibrated/20250304/ch2_ohr_ncp_20250304T0456267435_d_img_d18.zip?ohrc,True
ch2_ohr_ncp_20250304T0655103610_d_img_d18,South Pole,-89.926970,-89.195392,104.953501,233.187733,/ch2/protected/downloadData/POST_OD/isda_archive/ch2_bundle/cho_bundle/nop/ohr_collection/data/calibrated/20250304/ch2_ohr_ncp_20250304T0655103610_d_img_d18.zip?ohrc,True
ch2_ohr_ncp_20250304T0655104076_d_img_d18,South Pole,-89.922820,-89.188751,112.265678,232.557618,/ch2/protected/downloadData/POST_OD/isda_archive/ch2_bundle/cho_bundle/nop/ohr_collection/data/calibrated/20250304/ch2_ohr_ncp_20250304T0655104076_d_img_d18.zip?ohrc,True
ch2_ohr_ncp_20250304T1050453845_d_img_d18,South Pole,-89.951734,-89.172654,102.072361,232.376031,/ch2/protected/downloadData/POST_OD/isda_archive/ch2_bundle/cho_bundle/nop/ohr_collection/data/calibrated/20250304/ch2_ohr_ncp_20250304T1050453845_d_img_d18.zip?ohrc,True
ch2_ohr_ncp_20250304T1249251285_d_img_d18,South Pole,-89.975822,-89.153397,139.710728,232.139754,/ch2/protected/downloadData/POST_OD/isda_archive/ch2_bundle/cho_bundle/nop/ohr_collection/data/calibrated/20250304/ch2_ohr_ncp_20250304T1249251285_d_img_d18.zip?ohrc,True
ch2_ohr_ncp_20250307T0745026790_d_img_d18,South Pole,-85.830017,-85.481438,36.711548,39.604860,/ch2/protected/downloadData/POST_OD/isda_archive/ch2_bundle/cho_bundle/nop/ohr_collection/data/calibrated/20250307/ch2_ohr_ncp_20250307T0745026790_d_img_d18.zip?ohrc,True
ch2_ohr_ncp_20250307T1141204946_d_img_d18,South Pole,-85.242252,-84.424711,33.553276,37.999860,/ch2/protected/downloadData/POST_OD/isda_archive/ch2_bundle/cho_bundle/nop/ohr_collection/data/calibrated/20250307/ch2_ohr_ncp_20250307T1141204946_d_img_d18.zip?ohrc,True
ch2_ohr_ncp_20250307T1736209014_d_img_d18,South Pole,-84.527180,-83.708992,29.895068,33.743347,/ch2/protected/downloadData/POST_OD/isda_archive/ch2_bundle/cho_bundle/nop/ohr_collection/data/calibrated/20250307/ch2_ohr_ncp_20250307T1736209014_d_img_d18.zip?ohrc,True
ch2_ohr_ncp_20250307T2131495405_d_img_d18,South Pole,-84.987181,-84.164349,26.618162,30.606342,/ch2/protected/downloadData/POST_OD/isda_archive/ch2_bundle/cho_bundle/nop/ohr_collection/data/calibrated/20250307/ch2_ohr_ncp_20250307T2131495405_d_img_d18.zip?ohrc,True
ch2_ohr_ncp_20250307T2330249235_d_img_d18,South Pole,-85.033442,-84.214818,26.588876,30.797827,/ch2/protected/downloadData/POST_OD/isda_archive/ch2_bundle/cho_bundle/nop/ohr_collection/data/calibrated/20250307/ch2_ohr_ncp_20250307T2330249235_d_img_d18.zip?ohrc,True
ch2_ohr_ncp_20250308T0127526755_d_img_d18,South Pole,-85.366665,-84.544478,24.207834,28.474338,/ch2/protected/downloadData/POST_OD/isda_archive/ch2_bundle/cho_bundle/nop/ohr_collection/data/calibrated/20250308/ch2_ohr_ncp_20250308T0127526755_d_img_d18.zip?ohrc,True
ch2_ohr_ncp_20250308T0326285820_d_img_d18,South Pole,-85.366090,-84.545935,24.110146,28.550315,/ch2/protected/downloadData/POST_OD/isda_archive/ch2_bundle/cho_bundle/nop/ohr_collection/data/calibrated/20250308/ch2_ohr_ncp_20250308T0326285820_d_img_d18.zip?ohrc,True
ch2_ohr_ncp_20250310T0833447498_d_img_d18,South Pole,-86.365095,-85.552986,0.975259,359.382302,/ch2/protected/downloadData/POST_OD/isda_archive/ch2_bundle/cho_bundle/nop/ohr_collection/data/calibrated/20250310/ch2_ohr_ncp_20250310T0833447498_d_img_d18.zip?ohrc,True
ch2_ohr_ncp_20250310T1032168944_d_img_d18,South Pole,-86.337550,-85.524824,0.934985,359.387362,/ch2/protected/downloadData/POST_OD/isda_archive/ch2_bundle/cho_bundle/nop/ohr_collection/data/calibrated/20250310/ch2_ohr_ncp_20250310T1032168944_d_img_d18.zip?ohrc,True
ch2_ohr_ncp_20250516T0948068899_d_img_d18,Equatorial,60.044366,60.877673,355.331741,355.607982,/ch2/protected/downloadData/POST_OD/isda_archive/ch2_bundle/cho_bundle/nop/ohr_collection/data/calibrated/20250516/ch2_ohr_ncp_20250516T0948068899_d_img_d18.zip?ohrc,True
ch2_ohr_ncp_20250516T1145499313_d_img_d18,Equatorial,60.031152,60.870857,355.347404,355.641427,/ch2/protected/downloadData/POST_OD/isda_archive/ch2_bundle/cho_bundle/nop/ohr_collection/data/calibrated/20250516/ch2_ohr_ncp_20250516T1145499313_d_img_d18.zip?ohrc,True
ch2_ohr_ncp_20250516T1342347288_d_img_d18,Equatorial,60.014750,60.851917,355.310419,355.630418,/ch2/protected/downloadData/POST_OD/isda_archive/ch2_bundle/cho_bundle/nop/ohr_collection/data/calibrated/20250516/ch2_ohr_ncp_20250516T1342347288_d_img_d18.zip?ohrc,True
ch2_ohr_ncp_20250516T1540191774_d_img_d18,Equatorial,60.048845,60.882776,355.324400,355.682731,/ch2/protected/downloadData/POST_OD/isda_archive/ch2_bundle/cho_bundle/nop/ohr_collection/data/calibrated/20250516/ch2_ohr_ncp_20250516T1540191774_d_img_d18.zip?ohrc,True
ch2_ohr_ncp_20250612T2031048828_d_img_d18,Equatorial,60.179172,61.005387,355.223415,355.542673,/ch2/protected/downloadData/POST_OD/isda_archive/ch2_bundle/cho_bundle/nop/ohr_collection/data/calibrated/20250612/ch2_ohr_ncp_20250612T2031048828_d_img_d18.zip?ohrc,True
ch2_ohr_ncp_20250612T2229094979_d_img_d18,Equatorial,60.204024,61.032224,355.245197,355.591876,/ch2/protected/downloadData/POST_OD/isda_archive/ch2_bundle/cho_bundle/nop/ohr_collection/data/calibrated/20250612/ch2_ohr_ncp_20250612T2229094979_d_img_d18.zip?ohrc,True
ch2_ohr_ncp_20250927T0511182400_d_img_d18,South Pole,-84.745954,-83.897567,31.897336,33.379032,/ch2/protected/downloadData/POST_OD/isda_archive/ch2_bundle/cho_bundle/nop/ohr_collection/data/calibrated/20250927/ch2_ohr_ncp_20250927T0511182400_d_img_d18.zip?ohrc,True
ch2_ohr_ncp_20250927T0709454427_d_img_d18,South Pole,-84.780192,-83.932733,31.966908,33.408583,/ch2/protected/downloadData/POST_OD/isda_archive/ch2_bundle/cho_bundle/nop/ohr_collection/data/calibrated/20250927/ch2_ohr_ncp_20250927T0709454427_d_img_d18.zip?ohrc,True
ch2_ohr_ncp_20251007T0502258606_d_img_d18,South Pole,-89.718294,-89.101829,167.021869,243.311717,/ch2/protected/downloadData/POST_OD/isda_archive/ch2_bundle/cho_bundle/nop/ohr_collection/data/calibrated/20251007/ch2_ohr_ncp_20251007T0502258606_d_img_d18.zip?ohrc,True
ch2_ohr_ncp_20251007T0659402125_d_img_d18,South Pole,-89.723097,-89.081348,168.657921,242.771317,/ch2/protected/downloadData/POST_OD/isda_archive/ch2_bundle/cho_bundle/nop/ohr_collection/data/calibrated/20251007/ch2_ohr_ncp_20251007T0659402125_d_img_d18.zip?ohrc,True
ch2_ohr_ncp_20251007T0858226401_d_img_d18,South Pole,-89.719996,-89.150428,154.712943,240.740321,/ch2/protected/downloadData/POST_OD/isda_archive/ch2_bundle/cho_bundle/nop/ohr_collection/data/calibrated/20251007/ch2_ohr_ncp_20251007T0858226401_d_img_d18.zip?ohrc,True
ch2_ohr_ncp_20251008T0635142374_d_img_d18,South Pole,-89.824860,-89.107456,155.878149,236.389427,/ch2/protected/downloadData/POST_OD/isda_archive/ch2_bundle/cho_bundle/nop/ohr_collection/data/calibrated/20251008/ch2_ohr_ncp_20251008T0635142374_d_img_d18.zip?ohrc,True
ch2_ohr_ncp_20251008T0833557529_d_img_d18,South Pole,-89.834580,-89.111546,157.013013,236.176022,/ch2/protected/downloadData/POST_OD/isda_archive/ch2_bundle/cho_bundle/nop/ohr_collection/data/calibrated/20251008/ch2_ohr_ncp_20251008T0833557529_d_img_d18.zip?ohrc,True
ch2_ohr_ncp_20251009T0610398495_d_img_d18,South Pole,-89.925053,-89.070993,165.333309,231.304663,/ch2/protected/downloadData/POST_OD/isda_archive/ch2_bundle/cho_bundle/nop/ohr_collection/data/calibrated/20251009/ch2_ohr_ncp_20251009T0610398495_d_img_d18.zip?ohrc,True
ch2_ohr_ncp_20251009T0809201861_d_img_d18,South Pole,-89.898606,-89.060820,170.047243,230.901065,/ch2/protected/downloadData/POST_OD/isda_archive/ch2_bundle/cho_bundle/nop/ohr_collection/data/calibrated/20251009/ch2_ohr_ncp_20251009T0809201861_d_img_d18.zip?ohrc,True
ch2_ohr_ncp_20251009T1006356898_d_img_d18,South Pole,-89.956800,-89.107074,156.174781,230.323173,/ch2/protected/downloadData/POST_OD/isda_archive/ch2_bundle/cho_bundle/nop/ohr_collection/data/calibrated/20251009/ch2_ohr_ncp_20251009T1006356898_d_img_d18.zip?ohrc,True
ch2_ohr_ncp_20251009T1205142094_d_img_d18,South Pole,-89.915072,-89.069587,169.534354,230.226934,/ch2/protected/downloadData/POST_OD/isda_archive/ch2_bundle/cho_bundle/nop/ohr_collection/data/calibrated/20251009/ch2_ohr_ncp_20251009T1205142094_d_img_d18.zip?ohrc,True
ch2_ohr_ncp_20251010T0546128401_d_img_d18,South Pole,-89.952518,-89.128192,162.040615,303.296918,/ch2/protected/downloadData/POST_OD/isda_archive/ch2_bundle/cho_bundle/nop/ohr_collection/data/calibrated/20251010/ch2_ohr_ncp_20251010T0546128401_d_img_d18.zip?ohrc,True
ch2_ohr_ncp_20251010T0744419602_d_img_d18,South Pole,-89.969586,-89.139721,122.147447,304.577796,/ch2/protected/downloadData/POST_OD/isda_archive/ch2_bundle/cho_bundle/nop/ohr_collection/data/calibrated/20251010/ch2_ohr_ncp_20251010T0744419602_d_img_d18.zip?ohrc,True
ch2_ohr_ncp_20251010T0942085687_d_img_d18,South Pole,-89.928812,-89.219895,57.548965,351.147086,/ch2/protected/downloadData/POST_OD/isda_archive/ch2_bundle/cho_bundle/nop/ohr_collection/data/calibrated/20251010/ch2_ohr_ncp_20251010T0942085687_d_img_d18.zip?ohrc,True
ch2_ohr_ncp_20251010T1140338327_d_img_d18,South Pole,-89.968590,-89.103177,197.080059,286.002507,/ch2/protected/downloadData/POST_OD/isda_archive/ch2_bundle/cho_bundle/nop/ohr_collection/data/calibrated/20251010/ch2_ohr_ncp_20251010T1140338327_d_img_d18.zip?ohrc,True
ch2_ohr_ncp_20251012T0458211001_d_img_d18,South Pole,-84.596614,-83.763994,30.818093,34.176418,/ch2/protected/downloadData/POST_OD/isda_archive/ch2_bundle/cho_bundle/nop/ohr_collection/data/calibrated/20251012/ch2_ohr_ncp_20251012T0458211001_d_img_d18.zip?ohrc,True
ch2_ohr_ncp_20251012T0656599480_d_img_d18,South Pole,-84.591095,-83.757839,30.770181,34.246395,/ch2/protected/downloadData/POST_OD/isda_archive/ch2_bundle/cho_bundle/nop/ohr_collection/data/calibrated/20251012/ch2_ohr_ncp_20251012T0656599480_d_img_d18.zip?ohrc,True
ch2_ohr_ncp_20251012T0854096111_d_img_d18,South Pole,-84.659510,-83.831513,30.882826,34.583264,/ch2/protected/downloadData/POST_OD/isda_archive/ch2_bundle/cho_bundle/nop/ohr_collection/data/calibrated/20251012/ch2_ohr_ncp_20251012T0854096111_d_img_d18.zip?ohrc,True
ch2_ohr_ncp_20251012T1052484934_d_img_d18,South Pole,-84.609066,-83.785626,30.676573,34.461733,/ch2/protected/downloadData/POST_OD/isda_archive/ch2_bundle/cho_bundle/nop/ohr_collection/data/calibrated/20251012/ch2_ohr_ncp_20251012T1052484934_d_img_d18.zip?ohrc,True
ch2_ohr_ncp_20251013T0037253481_d_img_d18,South Pole,-85.320497,-84.495964,22.717167,27.001871,/ch2/protected/downloadData/POST_OD/isda_archive/ch2_bundle/cho_bundle/nop/ohr_collection/data/calibrated/20251013/ch2_ohr_ncp_20251013T0037253481_d_img_d18.zip?ohrc,True
ch2_ohr_ncp_20251013T0236029082_d_img_d18,South Pole,-85.301146,-84.479820,22.552769,26.953068,/ch2/protected/downloadData/POST_OD/isda_archive/ch2_bundle/cho_bundle/nop/ohr_collection/data/calibrated/20251013/ch2_ohr_ncp_20251013T0236029082_d_img_d18.zip?ohrc,True
ch2_ohr_ncp_20251013T0433173959_d_img_d18,South Pole,-85.309802,-84.490616,22.485786,27.051947,/ch2/protected/downloadData/POST_OD/isda_archive/ch2_bundle/cho_bundle/nop/ohr_collection/data/calibrated/20251013/ch2_ohr_ncp_20251013T0433173959_d_img_d18.zip?ohrc,True
ch2_ohr_ncp_20251013T0631536834_d_img_d18,South Pole,-85.326203,-84.515235,22.457559,27.216185,/ch2/protected/downloadData/POST_OD/isda_archive/ch2_bundle/cho_bundle/nop/ohr_collection/data/calibrated/20251013/ch2_ohr_ncp_20251013T0631536834_d_img_d18.zip?ohrc,True
ch2_ohr_ncp_20251104T0518276959_d_img_d18,South Pole,-89.755077,-89.009199,179.216452,239.721970,/ch2/protected/downloadData/POST_OD/isda_archive/ch2_bundle/cho_bundle/nop/ohr_collection/data/calibrated/20251104/ch2_ohr_ncp_20251104T0518276959_d_img_d18.zip?ohrc,True
ch2_ohr_ncp_20251104T0717071840_d_img_d18,South Pole,-89.799099,-89.099686,162.563136,239.399286,/ch2/protected/downloadData/POST_OD/isda_archive/ch2_bundle/cho_bundle/nop/ohr_collection/data/calibrated/20251104/ch2_ohr_ncp_20251104T0717071840_d_img_d18.zip?ohrc,True
ch2_ohr_ncp_20251104T0914218869_d_img_d18,South Pole,-89.780869,-89.012169,179.612732,239.397306,/ch2/protected/downloadData/POST_OD/isda_archive/ch2_bundle/cho_bundle/nop/ohr_collection/data/calibrated/20251104/ch2_ohr_ncp_20251104T0914218869_d_img_d18.zip?ohrc,True
ch2_ohr_ncp_20251104T1113026401_d_img_d18,South Pole,-89.807697,-89.125171,155.509761,237.481399,/ch2/protected/downloadData/POST_OD/isda_archive/ch2_bundle/cho_bundle/nop/ohr_collection/data/calibrated/20251104/ch2_ohr_ncp_20251104T1113026401_d_img_d18.zip?ohrc,True
ch2_ohr_ncp_20251105T0453488297_d_img_d18,South Pole,-89.890685,-89.083222,163.401445,233.918760,/ch2/protected/downloadData/POST_OD/isda_archive/ch2_bundle/cho_bundle/nop/ohr_collection/data/calibrated/20251105/ch2_ohr_ncp_20251105T0453488297_d_img_d18.zip?ohrc,True
ch2_ohr_ncp_20251105T0652329256_d_img_d18,South Pole,-89.904040,-89.108760,154.251331,233.700042,/ch2/protected/downloadData/POST_OD/isda_archive/ch2_bundle/cho_bundle/nop/ohr_collection/data/calibrated/20251105/ch2_ohr_ncp_20251105T0652329256_d_img_d18.zip?ohrc,True
ch2_ohr_ncp_20251105T0849435342_d_img_d18,South Pole,-89.909459,-89.148465,128.699355,232.534275,/ch2/protected/downloadData/POST_OD/isda_archive/ch2_bundle/cho_bundle/nop/ohr_collection/data/calibrated/20251105/ch2_ohr_ncp_20251105T0849435342_d_img_d18.zip?ohrc,True
ch2_ohr_ncp_20251105T1048273563_d_img_d18,South Pole,-89.910761,-89.190548,113.836622,232.100937,/ch2/protected/downloadData/POST_OD/isda_archive/ch2_bundle/cho_bundle/nop/ohr_collection/data/calibrated/20251105/ch2_ohr_ncp_20251105T1048273563_d_img_d18.zip?ohrc,True
ch2_ohr_ncp_20251108T1528478395_d_img_d32,South Pole,-84.514276,-83.683824,30.581783,33.990614,/ch2/protected/downloadData/POST_OD/isda_archive/ch2_bundle/cho_bundle/nop/ohr_collection/data/calibrated/20251108/ch2_ohr_ncp_20251108T1528478395_d_img_d32.zip?ohrc,True
ch2_ohr_ncp_20251108T1528478464_d_img_d32,South Pole,-84.513934,-83.683480,30.580880,33.989377,/ch2/protected/downloadData/POST_OD/isda_archive/ch2_bundle/cho_bundle/nop/ohr_collection/data/calibrated/20251108/ch2_ohr_ncp_20251108T1528478464_d_img_d32.zip?ohrc,True
ch2_ohr_ncp_20251108T1528478464_d_img_n18,South Pole,-84.522316,-83.691946,30.603104,34.020033,/ch2/protected/downloadData/POST_OD/isda_archive/ch2_bundle/cho_bundle/nop/ohr_collection/data/calibrated/20251108/ch2_ohr_ncp_20251108T1528478464_d_img_n18.zip?ohrc,True
ch2_ohr_ncp_20251108T1727303521_d_img_n18,South Pole,-84.521118,-83.686550,30.350694,33.873504,/ch2/protected/downloadData/POST_OD/isda_archive/ch2_bundle/cho_bundle/nop/ohr_collection/data/calibrated/20251108/ch2_ohr_ncp_20251108T1727303521_d_img_n18.zip?ohrc,True
ch2_ohr_ncp_20251108T1727303562_d_img_d32,South Pole,-84.520923,-83.686353,30.350147,33.872757,/ch2/protected/downloadData/POST_OD/isda_archive/ch2_bundle/cho_bundle/nop/ohr_collection/data/calibrated/20251108/ch2_ohr_ncp_20251108T1727303562_d_img_d32.zip?ohrc,True
ch2_ohr_ncp_20251108T1727303562_d_img_n18,South Pole,-84.507439,-83.673216,30.445991,33.974100,/ch2/protected/downloadData/POST_OD/isda_archive/ch2_bundle/cho_bundle/nop/ohr_collection/data/calibrated/20251108/ch2_ohr_ncp_20251108T1727303562_d_img_n18.zip?ohrc,True
ch2_ohr_ncp_20251108T1924377926_d_img_d32,South Pole,-84.465387,-83.637111,29.809956,33.369351,/ch2/protected/downloadData/POST_OD/isda_archive/ch2_bundle/cho_bundle/nop/ohr_collection/data/calibrated/20251108/ch2_ohr_ncp_20251108T1924377926_d_img_d32.zip?ohrc,True
ch2_ohr_ncp_20251108T2123191997_d_img_d32,South Pole,-84.480425,-83.654273,29.762008,33.488597,/ch2/protected/downloadData/POST_OD/isda_archive/ch2_bundle/cho_bundle/nop/ohr_collection/data/calibrated/20251108/ch2_ohr_ncp_20251108T2123191997_d_img_d32.zip?ohrc,True
ch2_ohr_ncp_20251108T2123192047_d_img_d32,South Pole,-84.480184,-83.654021,29.761245,33.487594,/ch2/protected/downloadData/POST_OD/isda_archive/ch2_bundle/cho_bundle/nop/ohr_collection/data/calibrated/20251108/ch2_ohr_ncp_20251108T2123192047_d_img_d32.zip?ohrc,True
ch2_ohr_ncp_20251108T2123192047_d_img_n18,South Pole,-84.480184,-83.654021,29.761245,33.487594,/ch2/protected/downloadData/POST_OD/isda_archive/ch2_bundle/cho_bundle/nop/ohr_collection/data/calibrated/20251108/ch2_ohr_ncp_20251108T2123192047_d_img_n18.zip?ohrc,True
ch2_ohr_ncp_20251109T0909533586_d_img_d18,South Pole,-85.155857,-84.612664,23.214544,26.325927,/ch2/protected/downloadData/POST_OD/isda_archive/ch2_bundle/cho_bundle/nop/ohr_collection/data/calibrated/20251109/ch2_ohr_ncp_20251109T0909533586_d_img_d18.zip?ohrc,True
ch2_ohr_ncp_20251109T0909533595_d_img_d18,South Pole,-85.145479,-84.319903,22.254904,26.304099,/ch2/protected/downloadData/POST_OD/isda_archive/ch2_bundle/cho_bundle/nop/ohr_collection/data/calibrated/20251109/ch2_ohr_ncp_20251109T0909533595_d_img_d18.zip?ohrc,True
ch2_ohr_ncp_20251109T1108358496_d_img_d18,South Pole,-85.097975,-84.931122,24.471517,26.110522,/ch2/protected/downloadData/POST_OD/isda_archive/ch2_bundle/cho_bundle/nop/ohr_collection/data/calibrated/20251109/ch2_ohr_ncp_20251109T1108358496_d_img_d18.zip?ohrc,True
ch2_ohr_ncp_20251109T1108358871_d_img_d18,South Pole,-85.097783,-84.269841,21.979792,26.109608,/ch2/protected/downloadData/POST_OD/isda_archive/ch2_bundle/cho_bundle/nop/ohr_collection/data/calibrated/20251109/ch2_ohr_ncp_20251109T1108358871_d_img_d18.zip?ohrc,True
ch2_ohr_ncp_20251109T1305444583_d_img_d18,South Pole,-85.114942,-84.506453,22.365804,25.840631,/ch2/protected/downloadData/POST_OD/isda_archive/ch2_bundle/cho_bundle/nop/ohr_collection/data/calibrated/20251109/ch2_ohr_ncp_20251109T1305444583_d_img_d18.zip?ohrc,True
ch2_ohr_ncp_20251109T1504259907_d_img_d18,South Pole,-85.075465,-84.264457,21.414329,25.741788,/ch2/protected/downloadData/POST_OD/isda_archive/ch2_bundle/cho_bundle/nop/ohr_collection/data/calibrated/20251109/ch2_ohr_ncp_20251109T1504259907_d_img_d18.zip?ohrc,True
ch2_ohr_ncp_20251109T1504259954_d_img_d18,South Pole,-85.075227,-84.255371,21.381563,25.740579,/ch2/protected/downloadData/POST_OD/isda_archive/ch2_bundle/cho_bundle/nop/ohr_collection/data/calibrated/20251109/ch2_ohr_ncp_20251109T1504259954_d_img_d18.zip?ohrc,True
ch2_ohr_ncp_20251109T1504259978_d_img_d18,South Pole,-85.075132,-84.255274,21.381217,25.740096,/ch2/protected/downloadData/POST_OD/isda_archive/ch2_bundle/cho_bundle/nop/ohr_collection/data/calibrated/20251109/ch2_ohr_ncp_20251109T1504259978_d_img_d18.zip?ohrc,True
