product_id,area,lat_min,lat_max,lon_min,lon_max,zip_download_path,is_calibrated,is_new_addition,lon_mid,lon_span,lat_min_f,lat_max_f,date,time
ch2_ohr_ncp_20241115T1525004388_d_img_d18,South Pole,-89.950601,-89.193425,4.686608,229.330040,/ch2/protected/downloadData/POST_OD/isda_archive/ch2_bundle/cho_bundle/nop/ohr_collection/data/calibrated/20241115/ch2_ohr_ncp_20241115T1525004388_d_img_d18.zip?ohrc,True,True,117.008324,224.643432,-89.950601,-89.193425,20241115,152500
ch2_ohr_ncp_20241115T1326321339_d_img_d18,South Pole,-89.946885,-89.199860,22.453651,229.728973,/ch2/protected/downloadData/POST_OD/isda_archive/ch2_bundle/cho_bundle/nop/ohr_collection/data/calibrated/20241115/ch2_ohr_ncp_20241115T1326321339_d_img_d18.zip?ohrc,True,True,126.091312,207.275322,-89.946885,-89.19986,20241115,132632
ch2_ohr_ncp_20211228T2209123959_d_img_d18,South Pole,-89.923132,-89.252796,55.564452,233.745958,/ch2/protected/downloadData/POST_OD/isda_archive/ch2_bundle/cho_bundle/nop/ohr_collection/data/calibrated/20211228/ch2_ohr_ncp_20211228T2209123959_d_img_d18.zip?ohrc,True,True,144.655205,178.181506,-89.923132,-89.252796,20211228,220912
ch2_ohr_ncp_20250304T1050453845_d_img_d18,South Pole,-89.951734,-89.172654,102.072361,232.376031,/ch2/protected/downloadData/POST_OD/isda_archive/ch2_bundle/cho_bundle/nop/ohr_collection/data/calibrated/20250304/ch2_ohr_ncp_20250304T1050453845_d_img_d18.zip?ohrc,True,True,167.224196,130.30367,-89.951734,-89.172654,20250304,105045
ch2_ohr_ncp_20250304T0655103610_d_img_d18,South Pole,-89.926970,-89.195392,104.953501,233.187733,/ch2/protected/downloadData/POST_OD/isda_archive/ch2_bundle/cho_bundle/nop/ohr_collection/data/calibrated/20250304/ch2_ohr_ncp_20250304T0655103610_d_img_d18.zip?ohrc,True,True,169.070617,128.23423200000002,-89.92697,-89.195392,20250304,065510
ch2_ohr_ncp_20251105T1048273563_d_img_d18,South Pole,-89.910761,-89.190548,113.836622,232.100937,/ch2/protected/downloadData/POST_OD/isda_archive/ch2_bundle/cho_bundle/nop/ohr_collection/data/calibrated/20251105/ch2_ohr_ncp_20251105T1048273563_d_img_d18.zip?ohrc,True,True,172.96877949999998,118.26431499999998,-89.910761,-89.190548,20251105,104827
ch2_ohr_ncp_20250303T0915317317_d_img_d18,South Pole,-89.780323,-89.227415,124.770539,234.812719,/ch2/protected/downloadData/POST_OD/isda_archive/ch2_bundle/cho_bundle/nop/ohr_collection/data/calibrated/20250303/ch2_ohr_ncp_20250303T0915317317_d_img_d18.zip?ohrc,True,True,179.791629,110.04217999999999,-89.780323,-89.227415,20250303,091531
ch2_ohr_ncp_20251105T0849435342_d_img_d18,South Pole,-89.909459,-89.148465,128.699355,232.534275,/ch2/protected/downloadData/POST_OD/isda_archive/ch2_bundle/cho_bundle/nop/ohr_collection/data/calibrated/20251105/ch2_ohr_ncp_20251105T0849435342_d_img_d18.zip?ohrc,True,True,180.616815,103.83492000000001,-89.909459,-89.148465,20251105,084943
ch2_ohr_ncp_20250303T1114102638_d_img_d18,South Pole,-89.823270,-89.188605,134.160473,236.150528,/ch2/protected/downloadData/POST_OD/isda_archive/ch2_bundle/cho_bundle/nop/ohr_collection/data/calibrated/20250303/ch2_ohr_ncp_20250303T1114102638_d_img_d18.zip?ohrc,True,True,185.15550050000002,101.99005500000001,-89.82327,-89.188605,20250303,111410
ch2_ohr_ncp_20250304T1249251285_d_img_d18,South Pole,-89.975822,-89.153397,139.710728,232.139754,/ch2/protected/downloadData/POST_OD/isda_archive/ch2_bundle/cho_bundle/nop/ohr_collection/data/calibrated/20250304/ch2_ohr_ncp_20250304T1249251285_d_img_d18.zip?ohrc,True,True,185.925241,92.42902600000002,-89.975822,-89.153397,20250304,124925
ch2_ohr_ncp_20241111T0516278303_d_img_d18,South Pole,-89.505107,-89.260785,141.209420,231.436761,/ch2/protected/downloadData/POST_OD/isda_archive/ch2_bundle/cho_bundle/nop/ohr_collection/data/calibrated/20241111/ch2_ohr_ncp_20241111T0516278303_d_img_d18.zip?ohrc,True,True,186.32309049999998,90.227341,-89.505107,-89.260785,20241111,051627
ch2_ohr_ncp_20251009T1006356898_d_img_d18,South Pole,-89.956800,-89.107074,156.174781,230.323173,/ch2/protected/downloadData/POST_OD/isda_archive/ch2_bundle/cho_bundle/nop/ohr_collection/data/calibrated/20251009/ch2_ohr_ncp_20251009T1006356898_d_img_d18.zip?ohrc,True,True,193.248977,74.148392,-89.9568,-89.107074,20251009,100635
ch2_ohr_ncp_20251009T1205142094_d_img_d18,South Pole,-89.915072,-89.069587,169.534354,230.226934,/ch2/protected/downloadData/POST_OD/isda_archive/ch2_bundle/cho_bundle/nop/ohr_collection/data/calibrated/20251009/ch2_ohr_ncp_20251009T1205142094_d_img_d18.zip?ohrc,True,True,199.88064400000002,60.69257999999999,-89.915072,-89.069587,20251009,120514
ch2_ohr_ncp_20251007T0659402125_d_img_d18,South Pole,-89.723097,-89.081348,168.657921,242.771317,/ch2/protected/downloadData/POST_OD/isda_archive/ch2_bundle/cho_bundle/nop/ohr_collection/data/calibrated/20251007/ch2_ohr_ncp_20251007T0659402125_d_img_d18.zip?ohrc,True,True,205.714619,74.11339600000002,-89.723097,-89.081348,20251007,065940
ch2_ohr_ncp_20240406T0647198831_d_img_d18,South Pole,-89.568940,-89.199899,170.060102,256.935850,/ch2/protected/downloadData/POST_OD/isda_archive/ch2_bundle/cho_bundle/nop/ohr_collection/data/calibrated/20240406/ch2_ohr_ncp_20240406T0647198831_d_img_d18.zip?ohrc,True,True,213.497976,86.87574800000002,-89.56894,-89.199899,20240406,064719
ch2_ohr_ncp_20251227T1027178560_d_img_d18,South Pole,-89.630360,-88.991007,190.337869,251.095222,/ch2/protected/downloadData/POST_OD/isda_archive/ch2_bundle/cho_bundle/nop/ohr_collection/data/calibrated/20251227/ch2_ohr_ncp_20251227T1027178560_d_img_d18.zip?ohrc,True,True,220.7165455,60.757352999999995,-89.63036,-88.991007,20251227,102717
ch2_ohr_ncp_20250123T0750012833_d_img_d18,South Pole,-89.847563,-89.023536,201.885520,250.490555,/ch2/protected/downloadData/POST_OD/isda_archive/ch2_bundle/cho_bundle/nop/ohr_collection/data/calibrated/20250123/ch2_ohr_ncp_20250123T0750012833_d_img_d18.zip?ohrc,True,True,226.1880375,48.60503499999999,-89.847563,-89.023536,20250123,075001
ch2_ohr_ncp_20250227T1046517020_d_img_d18,South Pole,-89.532219,-89.155995,204.370974,264.271702,/ch2/protected/downloadData/POST_OD/isda_archive/ch2_bundle/cho_bundle/nop/ohr_collection/data/calibrated/20250227/ch2_ohr_ncp_20250227T1046517020_d_img_d18.zip?ohrc,True,True,234.321338,59.900728000000015,-89.532219,-89.155995,20250227,104651
ch2_ohr_ncp_20251010T1140338327_d_img_d18,South Pole,-89.968590,-89.103177,197.080059,286.002507,/ch2/protected/downloadData/POST_OD/isda_archive/ch2_bundle/cho_bundle/nop/ohr_collection/data/calibrated/20251010/ch2_ohr_ncp_20251010T1140338327_d_img_d18.zip?ohrc,True,True,241.541283,88.92244799999997,-89.96859,-89.103177,20251010,114033
ch2_ohr_ncp_20240403T1750244247_d_img_d18,South Pole,-89.608692,-89.397294,220.980719,275.256137,/ch2/protected/downloadData/POST_OD/isda_archive/ch2_bundle/cho_bundle/nop/ohr_collection/data/calibrated/20240403/ch2_ohr_ncp_20240403T1750244247_d_img_d18.zip?ohrc,True,True,248.118428,54.27541800000003,-89.608692,-89.397294,20240403,175024
